Date,Adj_Close,Volume,Log_Return,Volatility
2015-01-02,2058.199951171875,-1.1937268106323258,-0.06247357927585996,0.10018597138602732
2015-01-05,2020.5799560546875,-0.053624838789658694,-1.59549166757733,0.20482101280414675
2015-01-06,2002.6099853515625,0.6374813426526155,-0.7900067007154916,0.2192973248840636
2015-01-07,2025.9000244140625,-0.04697506297766023,0.9452554053874141,0.26052113573994823
2015-01-08,2062.139892578125,0.08741105103431498,1.4674117516649312,0.3597545632210002
2015-01-09,2044.81005859375,-0.5084234995920315,-0.7481886473538124,0.29866374333431067
2015-01-12,2028.260009765625,-0.4118971940945947,-0.7217139247593123,0.31355793058265374
2015-01-13,2023.030029296875,0.26859653066658123,-0.25227760825048073,0.23139135078640952
2015-01-14,2011.27001953125,0.5523412098898741,-0.527276778295755,0.22914096108920068
2015-01-15,1992.6700439453125,0.44573568445098055,-0.8202864554454915,0.2337412696842526
2015-01-16,2019.4200439453125,0.21538786854824765,1.095292432152726,0.16078260260971977
2015-01-20,2022.550048828125,0.09821170891763953,0.09743661297946209,-0.048846710164627966
2015-01-21,2032.1199951171875,-0.125820911088164,0.3659648725540245,-0.048137324200338956
2015-01-22,2063.14990234375,0.34047893429470927,1.2493308707900366,0.039429496188009644
2015-01-23,2051.820068359375,-0.2894618564239941,-0.4998989176439314,0.04648466682072872
2015-01-26,2057.090087890625,-0.4021734653128988,0.18348990283256633,0.05019267844431716
2015-01-27,2029.550048828125,-0.5443176511055389,-1.1748050708834687,0.09898903784748526
2015-01-28,2002.1600341796875,0.22701452059689906,-1.1840515936215679,0.1444527028720416
2015-01-29,2021.25,0.28934048540086577,0.7697294657249651,0.18383338248373035
2015-01-30,1994.989990234375,0.7509666675951174,-1.140839025798831,0.2019673942084831
2015-02-02,2020.8499755859375,0.16511723630911462,1.0567093163840349,0.26517856027375936
2015-02-03,2050.030029296875,0.80036948317954,1.1800698284649183,0.2246266244599293
2015-02-04,2041.510009765625,0.30479389522812006,-0.38628477098686026,0.20188191934668867
2015-02-05,2062.52001953125,-0.029712830484563593,0.8331672819906666,0.19326828132301221
2015-02-06,2055.469970703125,0.39999233668762635,-0.3235763046240577,0.09595833335634292
2015-02-09,2046.739990234375,-0.3145762612988688,-0.3940342521106649,0.07732784817913625
2015-02-10,2068.590087890625,-0.1887846688552312,0.8653537033446151,0.08705492885985582
2015-02-11,2068.530029296875,-0.26510025635802487,-0.03614429506583737,0.08279495539927371
2015-02-12,2088.47998046875,-0.06488554405620325,0.7789389915748642,0.08702078513620985
2015-02-13,2096.989990234375,-0.33767273106098294,0.3105944589972164,0.04052813757907524
2015-02-17,2100.340087890625,-0.5109223933327038,0.10146213036128893,-0.005175092400216352
2015-02-18,2099.679931640625,-0.5022755936526366,-0.060300872818950024,-0.0033305647338387444
2015-02-19,2097.449951171875,-0.6307961035285566,-0.12365143826441086,-0.0037802163835153244
2015-02-20,2110.300048828125,-0.5947242064351688,0.48342511159523716,-0.06939921040579185
2015-02-23,2109.659912109375,-0.7912062615595007,-0.05937182551715199,-0.08696688789312049
2015-02-24,2115.47998046875,-0.6802093747353251,0.1995594118494097,-0.08677069726209717
2015-02-25,2113.860107421875,-0.5625836233438428,-0.0985398445629928,-0.18262591665414016
2015-02-26,2110.739990234375,-0.46184370204100456,-0.15874419397389844,-0.2954891522235764
2015-02-27,2104.5,-0.3168346757255852,-0.28434793645740397,-0.30723079035313156
2015-03-02,2117.389892578125,-0.4610072522533318,0.48328926564424657,-0.432358535913091
2015-03-03,2107.780029296875,-0.6149035575627742,-0.41880960824816865,-0.4664117260706646
2015-03-04,2098.530029296875,-0.44885781908738487,-0.40604985725091064,-0.5476366201914387
2015-03-05,2101.0400390625,-0.7814302546660753,0.06751762051726168,-0.5685944163980098
2015-03-06,2071.260009765625,0.003306024883818708,-1.2422876764446478,-0.4759178923266729
2015-03-09,2079.429931640625,-0.5241592112226253,0.29960540290501375,-0.47719565814103826
2015-03-10,2044.1600341796875,-0.1897779529780926,-1.482009351407209,-0.3186601539459893
2015-03-11,2040.239990234375,-0.46406029397833737,-0.1961994955439513,-0.38180440007661004
2015-03-12,2065.949951171875,-0.46480264316489694,1.0265295085718553,-0.2944476042087662
2015-03-13,2053.39990234375,-0.36787902401831557,-0.5495608967293648,-0.3297953181102298
2015-03-16,2081.18994140625,-0.5800863351508955,1.104437430024438,-0.242653778743447
2015-03-17,2074.280029296875,-0.6572070055743241,-0.31525135169342244,-0.24095971222140963
2015-03-18,2099.5,0.2904592369918781,0.9894807053610176,-0.17076249730945797
2015-03-19,2089.27001953125,-0.5700280264541304,-0.4472240746660339,-0.16111469922015687
2015-03-20,2108.10009765625,1.781336882917464,0.7259470228404281,-0.14208996768043936
2015-03-23,2104.419921875,-0.6089856753149894,-0.18161501805804364,-0.1409284760639936
2015-03-24,2091.5,-0.6906859083259265,-0.5550732190509929,-0.13061933987494334
2015-03-25,2061.050048828125,-0.34427022876125185,-1.2753547099957614,-0.05308292779150115
2015-03-26,2056.14990234375,-0.35521726535741915,-0.23521328390209054,-0.052623723104179024
2015-03-27,2061.02001953125,-0.8802149745902286,0.16660738733839536,-0.048915358075014195
2015-03-30,2086.239990234375,-0.9752147592251625,0.9960235969136638,-0.0018736408515435954
2015-03-31,2067.889892578125,-0.49544807226075777,-0.7816615496943518,0.01700519405759291
2015-04-01,2059.68994140625,-0.3211319365097541,-0.37007574496986817,0.015974624240999498
2015-04-02,2066.9599609375,-0.7888223796646333,0.2646215972784131,0.021600721534675977
2015-04-06,2080.6201171875,-0.57238054148196,0.5239983900345196,-0.034851622056641794
2015-04-07,2076.330078125,-0.8206597497079279,-0.20843438864404065,-0.03889258146867573
2015-04-08,2081.89990234375,-0.6117355039919635,0.19312236947463532,-0.16388685697539274
2015-04-09,2091.179931640625,-0.7089414249418845,0.3428611246357634,-0.16282592682782085
2015-04-10,2102.06005859375,-0.7258377106528743,0.40566458896003976,-0.21421874172879535
2015-04-13,2092.429931640625,-0.9849071211398207,-0.4224445689462195,-0.22289202966087415
2015-04-14,2095.840087890625,-0.5741579972807647,0.10418258511973259,-0.3016185007057819
2015-04-15,2106.6298828125,0.1707946392429435,0.401059923344394,-0.2987005969414214
2015-04-16,2104.989990234375,-0.4352550544153566,-0.09961759339256315,-0.36865213194138957
2015-04-17,2081.179931640625,-0.23295967326669897,-0.9967930013436749,-0.31323329483229945
2015-04-20,2100.39990234375,-0.8889872417384466,0.7446040109498083,-0.3111480487006508
2015-04-21,2097.2900390625,-0.6346542281741973,-0.15913228079164524,-0.31153748214792304
2015-04-22,2107.9599609375,-0.5247970041857258,0.3959457242969431,-0.31905014309872587
2015-04-23,2112.929931640625,-0.22347642379895902,0.16569133793908553,-0.45079777893923506
2015-04-24,2117.68994140625,-0.4962531551813928,0.15682927019638931,-0.45878863982633294
2015-04-27,2108.919921875,-0.4304141012692005,-0.38503231588305664,-0.44149149180728353
2015-04-28,2114.760009765625,-0.3179952498059812,0.20044261871981778,-0.5186568998637466
2015-04-29,2106.85009765625,0.23479350362225573,-0.35094974812935287,-0.5681885848249641
2015-04-30,2085.510009765625,0.689309862621289,-0.8956073324620601,-0.5021121996980539
2015-05-01,2108.2900390625,-0.49247867551451946,0.886079072696707,-0.44389403979593073
2015-05-04,2114.489990234375,-0.7934019422521417,0.2149225063703453,-0.46093356606323327
2015-05-05,2089.4599609375,-0.05903039554249392,-1.041859307180417,-0.37504231759649814
2015-05-06,2080.14990234375,-0.060849673830682176,-0.41176632859568946,-0.3670084213325624
2015-05-07,2088.0,-0.18168530128235863,0.28521668275685824,-0.3700963555854581
2015-05-08,2116.10009765625,-0.47151515271097083,1.098107899699123,-0.2920786751165483
2015-05-11,2105.330078125,-0.8968185028755329,-0.4656864159793151,-0.28944738076174686
2015-05-12,2099.1201171875,-0.7432776887258514,-0.2837818247754185,-0.2855524182716911
2015-05-13,2098.47998046875,-0.49784240977797106,-0.05950864837841736,-0.298986152355728
2015-05-14,2121.10009765625,-0.6531293128594194,0.8740422693404152,-0.24419419361496433
2015-05-15,2122.72998046875,-0.7928791611348462,0.03134544690079959,-0.3158696145615527
2015-05-18,2129.199951171875,-1.0060588451455956,0.22397128310267073,-0.34980652908002413
2015-05-19,2127.830078125,-0.5796367433900214,-0.08817403910058216,-0.3513830022870203
2015-05-20,2125.85009765625,-0.8620953810647674,-0.11250360467460287,-0.3610428813503542
2015-05-21,2130.820068359375,-0.8154842166467026,0.16401542974282393,-0.36108395573685526
2015-05-22,2126.06005859375,-1.336801546813752,-0.22302634793787354,-0.3596208674936581
2015-05-26,2104.199951171875,-0.5314363243753784,-0.9087006999948548,-0.31238353792600954
2015-05-27,2123.47998046875,-0.7553643881577228,0.7385226614092505,-0.2749046420343403
2015-05-28,2120.7900390625,-0.9096998296056934,-0.1410025604779108,-0.28167465031581695
2015-05-29,2107.389892578125,0.08048942904132286,-0.5703269963752667,-0.31522316665228994
2015-06-01,2111.72998046875,-0.8769109979289211,0.14049570799425756,-0.37259660093820207
2015-06-02,2109.60009765625,-0.8375560354189177,-0.1191205402945305,-0.37684006255996927
2015-06-03,2114.070068359375,-0.7846192194815776,0.145515065221302,-0.46007331783167643
2015-06-04,2095.840087890625,-0.679989806666061,-0.7669196038169468,-0.42483289241486444
2015-06-05,2092.830078125,-0.6343614707485118,-0.15536583304505056,-0.4304301370147881
2015-06-08,2079.280029296875,-0.9757793628318416,-0.5836229873434028,-0.5252021151420746
2015-06-09,2080.14990234375,-0.852998989623826,0.0017256445051971035,-0.5371217762557651
2015-06-10,2105.199951171875,-0.4559571866602575,0.9797774439215277,-0.4470242000778657
2015-06-11,2108.860107421875,-0.7546952283275846,0.11338419411724321,-0.44575025760717635
2015-06-12,2094.110107421875,-1.1825392947222026,-0.6279286040186487,-0.4905773020549793
2015-06-15,2084.429931640625,-0.8247792649122162,-0.4259566476708858,-0.48267042769642027
2015-06-16,2096.2900390625,-0.9729040666867165,0.4466716568963863,-0.4656488598755961
2015-06-17,2100.43994140625,-0.6567887806804877,0.13375149016944898,-0.4612130008424378
2015-06-18,2121.239990234375,-0.3450857673042328,0.8005878684812404,-0.39990407572170905
2015-06-19,2109.989990234375,0.6267120516363286,-0.48389404317897156,-0.3896618623953689
2015-06-22,2122.85009765625,-0.8577667534135608,0.480760350276051,-0.3694606243370942
2015-06-23,2124.199951171875,-0.7938097115236321,0.020131564125924956,-0.43214060909191565
2015-06-24,2108.580078125,-0.7820053138951003,-0.6585421658400331,-0.44802865376014234
2015-06-25,2102.31005859375,-0.6647664205304167,-0.28581440192212737,-0.44448622502069923
2015-06-26,2101.489990234375,1.2286004076009567,-0.06671812173396759,-0.46668178336903043
2015-06-29,2057.639892578125,-0.1792595968981076,-1.8189826233621977,-0.24796782808325787
2015-06-30,2063.110107421875,0.23852616079974545,0.19109220628295395,-0.2409102326885924
2015-07-01,2077.419921875,-0.1287589409673646,0.5515160384742074,-0.21623230259438522
2015-07-02,2076.780029296875,-0.8927721770276659,-0.059768472071762606,-0.24610740711142126
2015-07-06,2068.760009765625,-0.3806348832803252,-0.36126892141206707,-0.24118011141131276
2015-07-07,2081.340087890625,0.6359652774124586,0.47959136863682267,-0.2406105891030439
2015-07-08,2046.6800537109375,-0.2526371545217007,-1.4554372047227595,-0.12089403686258536
2015-07-09,2051.31005859375,-0.4219868696583974,0.15762348316976657,-0.18988365073139343
2015-07-10,2076.6201171875,-0.8211197970911478,1.0045410605480645,-0.11649546327426219
2015-07-13,2099.60009765625,-0.7880172967439982,0.8980582745870578,-0.08206259077223056
2015-07-14,2108.949951171875,-0.8869379397586483,0.34249684835707045,-0.08541083211779031
2015-07-15,2107.39990234375,-0.6154158830577238,-0.09593553946555744,-0.09615304753022011
2015-07-16,2124.2900390625,-0.6517282594650675,0.6421599051045918,-0.07379337581769543
2015-07-17,2126.639892578125,-0.5098768310981129,0.05991537863913915,-0.11065800638406363
2015-07-20,2128.280029296875,-0.6320821450771035,0.031584011357956264,-0.12370453621303258
2015-07-21,2119.2099609375,-0.5298052472894165,-0.3952666928095293,-0.1301010339015832
2015-07-22,2114.14990234375,-0.16346115153343832,-0.23607975400267228,-0.12826211691674916
2015-07-23,2102.14990234375,-0.08113358118174667,-0.5156085612648931,-0.1373788552734869
2015-07-24,2079.64990234375,0.020526434887531708,-0.9447517511419118,-0.09480921540362608
2015-07-27,2067.639892578125,-0.014280331902001123,-0.5240363760688094,-0.08413260273592192
2015-07-28,2093.25,0.2795122003957108,1.00852764563392,-0.21134473554854918
2015-07-29,2108.570068359375,0.19708007382056006,0.5836921012156419,-0.19445738218955066
2015-07-30,2108.6298828125,-0.283345317351637,-0.03128453329631501,-0.21044874823024393
2015-07-31,2103.840087890625,-0.17677115877978114,-0.22621974064782008,-0.20687059795026239
2015-08-03,2098.0400390625,-0.39066182511005243,-0.2674161608142606,-0.21092173928790034
2015-08-04,2093.320068359375,-0.3175352024227612,-0.2243686043982998,-0.22174225690159977
2015-08-05,2099.840087890625,0.12366069370758333,0.22960358218631277,-0.37426398619089507
2015-08-06,2083.56005859375,0.4142119830780633,-0.6926387107821776,-0.3335047535989038
2015-08-07,2077.570068359375,-0.25939148655715827,-0.27743429951850945,-0.4042555791747365
2015-08-10,2104.179931640625,-0.3512545844883194,1.0438121570045382,-0.3814872809089789
2015-08-11,2084.070068359375,-0.1479763748391463,-0.84671515259636,-0.3459453331330417
2015-08-12,2086.050048828125,0.4377998670904352,0.04671058447167714,-0.34476989479336173
2015-08-13,2083.389892578125,-0.6577716091810032,-0.14171897877957,-0.38587615715489837
2015-08-14,2091.5400390625,-1.1028779080687179,0.29686822516822436,-0.3753459247689839
2015-08-17,2102.43994140625,-1.0274928709547102,0.40638548249361073,-0.3575312479244561
2015-08-18,2096.919921875,-0.9414430990478747,-0.25626504699282326,-0.3626278604075392
2015-08-19,2079.610107421875,-0.35286475032958947,-0.7354733985505548,-0.3333908112338086
2015-08-20,2035.72998046875,0.07534526284713539,-1.8392164310802532,-0.15128998931471277
2015-08-21,1970.8900146484375,1.2210409926448642,-2.7741792408004486,0.16518606880886227
2015-08-24,1893.2099609375,2.888137697588409,-3.438127422816333,0.55680231828033
2015-08-25,1867.6099853515625,1.3938933412674406,-1.186316082221825,0.4963991361101631
2015-08-26,1940.510009765625,1.555631363336315,3.208188902901651,0.9093576310285362
2015-08-27,1987.6600341796875,1.2086510801649613,1.998851795157068,1.065615868253665
2015-08-28,1988.8699951171875,0.10316767390960065,0.01783589085627116,1.068002015711316
2015-08-31,1972.1800537109375,0.06763946917820006,-0.7471520713354872,1.0740390104003483
2015-09-01,1913.8499755859375,0.5452000198276179,-2.575508513077367,1.208209916142834
2015-09-02,1948.8599853515625,-0.11269910504404754,1.5010657683129582,1.290915547555785
2015-09-03,1951.1300048828125,-0.3447302761444719,0.06487192439148023,1.2915658069616827
2015-09-04,1921.219970703125,-0.7144515379181788,-1.3415939204749747,1.3171618934871754
2015-09-08,1969.4100341796875,-0.3155068116876547,2.063736430448345,1.413392105304242
2015-09-09,1942.0400390625,-0.20732248727452882,-1.2185547564663555,1.426267181181267
2015-09-10,1952.2900390625,-0.2342979929269754,0.4119888285778556,1.4360782721952912
2015-09-11,1961.050048828125,-0.6606050828367447,0.34535281954331837,1.4456027654223014
2015-09-14,1953.030029296875,-0.888945419249063,-0.38064064979061885,1.4369136915780867
2015-09-15,1978.0899658203125,-0.6383659741069951,1.0457468870460702,1.4687744184128753
2015-09-16,1995.31005859375,-0.22973934158415885,0.7001550118809516,1.4911279242471365
2015-09-17,1990.199951171875,0.34857158599044324,-0.25079252652934625,1.4851028949475529
2015-09-18,1958.030029296875,2.26973991393959,-1.4133819738611058,1.4562056365535498
2015-09-21,1966.969970703125,-0.607532343808908,0.3519892171097598,1.2866587989248586
2015-09-22,1942.739990234375,-0.04406839996549738,-1.0830842180503986,0.9938315577526549
2015-09-23,1938.760009765625,-0.6899435591393669,-0.20730933962507989,0.9479343724070713
2015-09-24,1932.239990234375,0.2521080142270819,-0.31888800112170573,0.62915210573118
2015-09-25,1931.3399658203125,-0.13439452141180983,-0.0731310472743455,0.4680484884967729
2015-09-28,1881.77001953125,0.4979510624464527,-2.2350394764310786,0.6159280187774271
2015-09-29,1884.0899658203125,0.29482968713246827,0.07062719724991472,0.6107115538028256
2015-09-30,1920.030029296875,0.7054010654116437,1.5661065631272684,0.4959328757373818
2015-10-01,1923.8199462890625,0.13926048224768034,0.13326503773347134,0.40388103813930354
2015-10-02,1951.3599853515625,0.5522261980440691,1.1697031598339205,0.4623308368231122
2015-10-05,1987.050048828125,0.5061378147432999,1.500805182155656,0.4713997638771344
2015-10-06,1979.9200439453125,0.3680294991761809,-0.33802512262321294,0.31509875430997375
2015-10-07,1995.8299560546875,0.8532435653828045,0.6439197553968597,0.26372693214458226
2015-10-08,2013.4300537109375,0.09277478529776657,0.7096406610625552,0.2758776779348608
2015-10-09,2014.8900146484375,-0.15004658806363638,0.027682035019094928,0.2732010937031283
2015-10-12,2017.4599609375,-1.0007683002385654,0.07423136983311819,0.26351964722926713
2015-10-13,2003.68994140625,-0.46892215836918527,-0.6135314958795856,0.24114603097167353
2015-10-14,1994.239990234375,-0.21519557090099867,-0.4339269779247107,0.22698566121983735
2015-10-15,2023.8599853515625,-0.10886189164309874,1.2145543497500422,0.28854640230267525
2015-10-16,2033.1099853515625,-0.26659541035348994,0.3523845397359416,0.1931114675325761
2015-10-19,2033.6600341796875,-0.5887435904533085,-0.01078394293362794,0.19131913243911952
2015-10-20,2030.77001953125,-0.5425506509290802,-0.15408621407334297,0.12617044438498912
2015-10-21,2018.93994140625,-0.23276101644212668,-0.5283282940390741,0.1418877346659773
2015-10-22,2052.510009765625,0.6068881916684842,1.3624864998865878,0.19530976619633408
2015-10-23,2075.14990234375,0.26980938285870676,0.8950684224976133,0.20978554724844706
2015-10-26,2071.179931640625,-0.48577662159079144,-0.1958110869312386,-0.10857213546543468
2015-10-27,2065.889892578125,0.3831692403330579,-0.2502033890695486,-0.09177195300622647
2015-10-28,2090.35009765625,0.8863251544852623,0.9628444693889067,-0.15744530188164596
2015-10-29,2089.409912109375,0.1657550292722151,-0.07177419456475514,-0.15023578130376167
2015-10-30,2079.360107421875,0.4242807473971742,-0.44188964497429417,-0.16756964512890427
2015-11-02,2104.050048828125,-0.09450632216216497,0.9656712013769642,-0.23624913623903304
2015-11-03,2109.7900390625,0.4408633644377867,0.19696705438774534,-0.2570174371564233
2015-11-04,2102.31005859375,0.23887119633716045,-0.3343826956760521,-0.24968960434893586
2015-11-05,2099.929931640625,0.21066192724789654,-0.12959210953924305,-0.26372504587778856
2015-11-06,2099.199951171875,0.5422410787037255,-0.06312212759761354,-0.26176572310653484
2015-11-09,2078.580078125,0.03339730599534634,-0.8694241000743103,-0.19847135953169281
2015-11-10,2081.719970703125,-0.030287889713588617,0.09410956807996936,-0.23214767315510126
2015-11-11,2075.0,-0.1651967848428593,-0.3074292590804576,-0.24048722643029127
2015-11-12,2045.969970703125,0.17352355667522587,-1.226523924915282,-0.21526967329386454
2015-11-13,2023.0400390625,0.44785817578720016,-0.9878979369283645,-0.1653999620468848
2015-11-16,2053.18994140625,-0.11414198092778306,1.2187664805764344,-0.07474031993136743
2015-11-17,2050.43994140625,0.6032287238474158,-0.1471587054149522,-0.07486340219112596
2015-11-18,2083.580078125,0.07944386680673192,1.32374303575283,-0.005093585239273845
2015-11-19,2081.239990234375,-0.23242643652705758,-0.12882595341575326,-0.09639337453990263
2015-11-20,2089.169921875,0.08280012157976888,0.28828529495182953,-0.1377237926781737
2015-11-23,2086.590087890625,-0.27438484900119253,-0.13829840216408168,-0.13884528584405814
2015-11-24,2089.139892578125,0.036094856560591,0.06970910906316263,-0.14251819421377257
2015-11-25,2088.8701171875,-1.0429149139149267,-0.04461966968088679,-0.20094469784338587
2015-11-27,2090.110107421875,-2.492168727281447,0.016556659596227583,-0.20086779703023397
2015-11-30,2080.409912109375,0.4439686842745218,-0.4275238127282978,-0.201601618879396
2015-12-01,2102.6298828125,-0.1445887531990716,0.8657735828408752,-0.2137105054600781
2015-12-02,2079.510009765625,0.10479875099556253,-0.9697759036002426,-0.16676951033678442
2015-12-03,2049.6201171875,0.4768620721747532,-1.259429500342071,-0.09238347791765449
2015-12-04,2091.68994140625,0.3811094827309137,1.6864944708802736,0.07670476022319235
2015-12-07,2077.070068359375,0.20222424001474754,-0.6275196207112753,0.09238911818294902
2015-12-08,2063.590087890625,0.3378859399529237,-0.5849346184657341,0.07391240471232757
2015-12-09,2047.6199951171875,0.5592105537711367,-0.6914441464440012,0.09062850232402046
2015-12-10,2052.22998046875,-0.14142069962826104,0.15670987383370016,0.0913888163873978
2015-12-11,2012.3699951171875,0.47118466924092434,-1.6942646866699453,0.15292915420934902
2015-12-14,2021.93994140625,0.7967518378478553,0.36798181444089706,0.12198373657475027
2015-12-15,2043.4100341796875,0.5260557753122576,0.8605787291853312,0.08408606237959995
2015-12-16,2073.070068359375,0.8208102248657931,1.186368544397201,0.1535229813149244
2015-12-17,2041.8900146484375,0.4987143228777041,-1.3167424666699303,0.13937532742958034
2015-12-18,2005.550048828125,2.9617243676589204,-1.554030387701758,0.2292819939061258
2015-12-21,2021.1500244140625,-0.09423447598117131,0.6223125208800239,0.24811513330451193
2015-12-22,2038.969970703125,-0.3445629861869373,0.7094980409260218,0.2804072922073133
2015-12-23,2064.2900390625,-0.38300830955284665,1.0111964696281446,0.3320008368909945
2015-12-24,2060.989990234375,-2.5496537389392575,-0.16914059748640067,0.3322018803128741
2015-12-28,2056.5,-1.419766910128544,-0.21833186801327711,0.3322887170880813
2015-12-29,2078.360107421875,-1.3680220351386376,0.8615171449989804,0.36274123906525385
2015-12-30,2063.360107421875,-1.5505458344311804,-0.6469376006900328,0.3397551426889546
2015-12-31,2043.93994140625,-1.249528467092445,-0.8343052087028998,0.3308571873283924
2016-01-04,2012.6600341796875,0.47517871697706177,-1.3393700682475613,0.3387541329341074
2016-01-05,2016.7099609375,-0.15033934548932185,0.13650472524065027,0.1961200940576553
2016-01-06,1990.260009765625,0.5084066847923623,-1.1514273802993633,0.2285969260298989
2016-01-07,1943.0899658203125,1.2820495490332462,-2.0644091305799717,0.36370472233819734
2016-01-08,1922.030029296875,0.8516438551638804,-0.9563097356804428,0.37507283072215175
2016-01-11,1923.6700439453125,0.7913671923397119,0.038524019240869074,0.371224297696435
2016-01-12,1938.6800537109375,1.0840932511581411,0.6243620030729083,0.31664887435928707
2016-01-13,1890.280029296875,1.2929652187623757,-2.174180304171932,0.4491924373072137
2016-01-14,1921.8399658203125,1.4540654478681498,1.3681770651355343,0.5039974088082201
2016-01-15,1880.3299560546875,1.6917740219024031,-1.8823789153101842,0.4989284883374808
2016-01-19,1881.3299560546875,1.1270554033774833,0.011327726241835607,0.47493419137358955
2016-01-20,1859.3299560546875,2.682559251023136,-1.0295630076056372,0.437628359708854
2016-01-21,1868.989990234375,1.284370697194038,0.4050390727805043,0.42279955584952034
2016-01-22,1906.9000244140625,1.09925390355971,1.666418261193721,0.5339044647133814
2016-01-25,1877.0799560546875,0.5760754726150887,-1.36811360911405,0.498884120619879
2016-01-26,1903.6300048828125,0.5306562491444577,1.1554326893918851,0.5857405065176093
2016-01-27,1882.949951171875,0.9448034502659343,-0.9584589060910931,0.596279227144548
2016-01-28,1893.3599853515625,0.8809927870888484,0.433093343330503,0.5635953693310389
2016-01-29,1940.239990234375,1.7222103385513456,2.037068598993034,0.7579450717494443
2016-02-01,1939.3800048828125,0.4936328904175921,-0.07122045002990122,0.7490867942929098
2016-02-02,1903.030029296875,0.6407016743351556,-1.6356014353775783,0.772685506426189
2016-02-03,1912.530029296875,1.3827999259584305,0.38790583945966123,0.781233338789152
2016-02-04,1915.449951171875,1.4040980286770481,0.09547376268166895,0.756914348862281
2016-02-05,1880.050048828125,1.1287178473304829,-1.6130123319867191,0.7076081629105349
2016-02-08,1853.43994140625,1.867428477313683,-1.240569139706471,0.7249830506653424
2016-02-09,1852.2099609375,1.3935378501076796,-0.08988924090224353,0.7235777771035851
2016-02-10,1851.8599853515625,0.6490452609671914,-0.04968487601375388,0.7011772219424205
2016-02-11,1829.0799560546875,1.7255875045690745,-1.0816040724761236,0.5934844146091852
2016-02-12,1864.780029296875,0.885080935426099,1.6028603901912892,0.6208540581595791
2016-02-16,1895.5799560546875,0.7530787033089912,1.353248928132999,0.5786278001034431
2016-02-17,1926.8199462890625,1.2140357256731047,1.3502326121216872,0.6396729817293755
2016-02-18,1917.8299560546875,0.6127851626715771,-0.4296261752039518,0.6055834142051578
2016-02-19,1917.780029296875,0.30576626810628965,-0.0358902429282479,0.602524291981258
2016-02-22,1945.5,0.21361041274944303,1.1812968159359845,0.5552118474130279
2016-02-23,1921.27001953125,0.04207547254245125,-1.0947379402525694,0.5294196364479493
2016-02-24,1929.800048828125,0.48811232181895187,0.3413697062132095,0.4866551485601409
2016-02-25,1951.699951171875,0.28000361464596857,0.921687704429831,0.4738916626200588
2016-02-26,1948.050048828125,0.520796597272265,-0.19216482751850888,0.4730357378215497
2016-02-29,1932.22998046875,0.7713864980366788,-0.7240433770502412,0.3328899126087844
2016-03-01,1978.3499755859375,1.0135073447009058,1.96338887597363,0.48533963616524617
2016-03-02,1986.449951171875,0.8533899440956473,0.31224460405214266,0.36929922701408674
2016-03-03,1993.4000244140625,1.287392372052006,0.2620124392246526,0.3674571548560392
2016-03-04,1999.989990234375,2.2997370944500046,0.24574058580524458,0.36776506551456817
2016-03-07,2001.760009765625,1.168700147181241,0.041209079946591516,0.23060961087565077
2016-03-08,1979.260009765625,0.8272927107202571,-0.9907016212435193,0.2002043919704357
2016-03-09,1989.260009765625,0.19626453527757912,0.3929901158583125,0.1955961357248424
2016-03-10,1989.5699462890625,0.5503650972664972,-0.02049621236840531,0.19478626276121228
2016-03-11,2022.18994140625,0.2386098057785127,1.3431577043984027,0.1498882252328162
2016-03-14,2019.6400146484375,-0.37907699555078467,-0.14051191007558303,0.0853704750437383
2016-03-15,2015.9300537109375,-0.30334692289936194,-0.1893510876023661,0.03616717446202648
2016-03-16,2027.219970703125,0.21602566151134814,0.43913638321392956,-0.03025015909257128
2016-03-17,2040.5899658203125,0.7110575571007808,0.5228563152234482,-0.04675150229851793
2016-03-18,2049.580078125,2.7735963547889706,0.33849175849120683,-0.0503423186030098
2016-03-21,2051.60009765625,-0.49539579414902823,0.04971514496017251,-0.10092193118249701
2016-03-22,2049.800048828125,-0.4516285590090509,-0.10800149198251364,-0.1982168558349238
2016-03-23,2036.7099609375,-0.2205070270527207,-0.5760836351103604,-0.16008733208173476
2016-03-24,2035.93994140625,-0.46285789740855776,-0.06570097747255418,-0.19161831345065589
2016-03-28,2037.050048828125,-1.0887628179017401,0.0124644775882154,-0.1978107050144622
2016-03-29,2055.010009765625,-0.029357339324802667,0.7094909683639268,-0.23444211475141088
2016-03-30,2063.949951171875,-0.2719486889945956,0.33382787897616334,-0.46777424556399105
2016-03-31,2059.739990234375,-0.1412847765377642,-0.20655567623851664,-0.46068507201503145
2016-04-01,2072.780029296875,-0.10499331137511222,0.5006216504471006,-0.45035994832134574
2016-04-04,2066.1298828125,-0.3813144987328093,-0.30575061270546994,-0.436774851538965
2016-04-05,2045.1700439453125,0.31838620427780245,-0.8969403911737267,-0.36161254533932996
2016-04-06,2066.659912109375,-0.10414640596509354,0.8512841871154698,-0.4110137370604631
2016-04-07,2041.9100341796875,-0.051397791229979964,-1.053718174106069,-0.3142627456306879
2016-04-08,2047.5999755859375,-0.5132435414934958,0.2019071419453019,-0.31400096037064246
2016-04-11,2041.989990234375,-0.29544247240585436,-0.2659643465921157,-0.4347758632636117
2016-04-12,2061.719970703125,0.40707079301580706,0.7804171158380854,-0.39204073789094546
2016-04-13,2082.419921875,0.3569779063565545,0.8121080055068395,-0.35640505361995684
2016-04-14,2082.780029296875,-0.08838978308980788,-0.01904680447661654,-0.36452588493596305
2016-04-15,2080.72998046875,-0.1557449022421571,-0.11706020436207687,-0.37799250368763326
2016-04-18,2094.340087890625,-0.5578367707987999,0.5182965550947304,-0.36769680810140265
2016-04-19,2100.800048828125,0.048537047152223345,0.22705518718534878,-0.36564945300056556
2016-04-20,2102.39990234375,0.3497112488261474,0.03076433544175241,-0.36793591876269904
2016-04-21,2091.47998046875,0.33968430699642016,-0.4745766244618796,-0.37725210299388273
2016-04-22,2091.580078125,-0.06255394027306543,-0.02963430000542922,-0.3779564492457189
2016-04-25,2087.7900390625,-0.5548464628078699,-0.18723946893171758,-0.37297686648624123
2016-04-26,2091.699951171875,-0.306577710204248,0.12471923162042531,-0.40587087579174747
2016-04-27,2095.14990234375,0.2610789381998723,0.10583875990091654,-0.41257440692601843
2016-04-28,2075.81005859375,0.4803647056606329,-0.8188245757752055,-0.3624295113475831
2016-04-29,2065.300048828125,0.8932363208559084,-0.463433755385933,-0.36877374335030616
2016-05-02,2081.429931640625,-0.009721680559184568,0.6249624856095363,-0.34296456628957306
2016-05-03,2063.3701171875,0.33769773875069736,-0.7714861131918581,-0.35854423145171
2016-05-04,2051.1201171875,0.2176358273526182,-0.5378219325041697,-0.3986036512420433
2016-05-05,2050.6298828125,0.1653263487560328,-0.0539238552547195,-0.4838380429699803
2016-05-06,2057.139892578125,-0.056521046179475634,0.23466411951969326,-0.48249682730083393
2016-05-09,2058.68994140625,-0.0646032422528637,0.030083493523722915,-0.48830361665997934
2016-05-10,2084.389892578125,-0.2616080784944911,1.0166800145828256,-0.45194184671289755
2016-05-11,2064.4599609375,-0.0297232861069095,-0.8470925991751624,-0.45512968993317804
2016-05-12,2064.110107421875,-0.07111709497436533,-0.048034880857706054,-0.4553137873198811
2016-05-13,2046.6099853515625,-0.28285390310137926,-0.7545478927169518,-0.4186535366838072
2016-05-16,2066.659912109375,-0.3649514497614609,0.7916961984370807,-0.38613677144237757
2016-05-17,2047.2099609375,0.27033216397600224,-0.8342525912488418,-0.3558984456682979
2016-05-18,2047.6300048828125,0.2623440685037273,-0.01631680851922209,-0.3569662368378282
2016-05-19,2040.0400390625,-0.0038037983113997733,-0.3480920501155185,-0.36208033709816667
2016-05-20,2052.320068359375,-0.3583748633058838,0.47441831326999967,-0.3359741902154227
2016-05-23,2048.0400390625,-0.8311467389208751,-0.21043277378684358,-0.335688109694116
2016-05-24,2076.06005859375,-0.23323151944769263,1.1167753144011787,-0.23799157052586864
2016-05-25,2090.5400390625,0.009150717775182136,0.5547699287834836,-0.21553398580953959
2016-05-26,2090.10009765625,-0.6476401111278169,-0.05150496489538051,-0.2569923016512387
2016-05-27,2099.06005859375,-0.8063982808281073,0.3284784117275349,-0.26581401993402576
2016-05-31,2096.949951171875,0.6942553719909041,-0.11883805676812906,-0.2899669809171643
2016-06-01,2099.330078125,-0.3400566129558503,0.06235597558386756,-0.33427168364437976
2016-06-02,2105.260009765625,-0.2276063946255933,0.2051238095633682,-0.35894897192207004
2016-06-03,2099.1298828125,-0.2327714720644726,-0.28057018275653633,-0.3508804941344864
2016-06-06,2109.409912109375,-0.42699511276208807,0.3799227917299496,-0.34574416431195193
2016-06-07,2112.1298828125,-0.3300610379931608,0.07541252305064185,-0.3458843899807084
2016-06-08,2119.1201171875,-0.30148582212179004,0.2460506324839793,-0.41420462449928036
2016-06-09,2115.47998046875,-0.5856069037495356,-0.17924266163570618,-0.4773882628401176
2016-06-10,2096.070068359375,-0.3506795252592944,-0.8140746448015488,-0.41568183328416175
2016-06-13,2079.06005859375,-0.4792627688692898,-0.723549594015198,-0.419535568051525
2016-06-14,2075.320068359375,-0.09476771272081269,-0.18612321900646833,-0.4674877992033067
2016-06-15,2071.5,-0.3196158712695972,-0.18967095723386537,-0.5265835651457962
2016-06-16,2077.989990234375,-0.23224869094717712,0.23114910790804608,-0.5226679892386732
2016-06-17,2071.219970703125,1.1524416544333518,-0.3099672015620533,-0.5252108719361425
2016-06-20,2083.25,-0.40041692075878604,0.4566325081542422,-0.5266555428108086
2016-06-21,2088.89990234375,-0.64566399850444,0.19561562858268614,-0.5302432684742006
2016-06-22,2085.449951171875,-0.7133327863271665,-0.17362891330518235,-0.6507900366901905
2016-06-23,2113.320068359375,-0.5776397195219526,1.0902696762195798,-0.5579479378190176
2016-06-24,2037.4100341796875,3.9177655637241964,-3.130743789489812,0.06568582256362686
2016-06-27,2000.5400390625,1.652837284286236,-1.5798317139067566,0.14669265317842053
2016-06-28,2036.0899658203125,0.5597960686225076,1.457586847927053,0.27017179406992703
2016-06-29,2070.77001953125,0.409161917484989,1.3962160924665072,0.3657511415443898
2016-06-30,2098.860107421875,0.8076047738429094,1.1070581143531966,0.41809007852313296
2016-07-01,2102.949951171875,-0.40935647786453866,0.1311287759123793,0.41684360048313074
2016-07-05,2088.550048828125,-0.20077726768598944,-0.6154114737084139,0.42207979194657474
2016-07-06,2099.72998046875,0.061658853196339805,0.4183057082173097,0.4305158856951258
2016-07-07,2097.89990234375,-0.2570598827740204,-0.1075091729335658,0.42673427144418496
2016-07-08,2129.89990234375,-0.25397547418197713,1.247965544613021,0.4897939321332852
2016-07-11,2137.159912109375,-0.6242717951847091,0.25440838709434793,0.4653109525950915
2016-07-12,2152.139892578125,0.258684600682659,0.5576749579988647,0.44920731628443683
2016-07-13,2152.429931640625,-0.3639477100162536,-0.02227703457472555,0.4464091156512145
2016-07-14,2163.75,-0.4023302996480875,0.41040963068866265,0.4452299304560582
2016-07-15,2161.739990234375,-0.7609686017351304,-0.11237064989715237,0.4474307225580122
2016-07-18,2166.889892578125,-0.8794203472919394,0.16776736964579275,0.43940705833497723
2016-07-19,2163.780029296875,-0.9222570320431307,-0.1552802609188184,0.43900225591440734
2016-07-20,2173.02001953125,-0.6676417166755418,0.3270825966157001,0.44034255844336273
2016-07-21,2165.169921875,-0.43025726693401184,-0.3400892619088874,0.44532789677414986
2016-07-22,2175.030029296875,-0.8648138428747038,0.35099313046887676,0.40979494640850594
2016-07-25,2168.47998046875,-0.829306549387995,-0.28903284924835165,-0.08622857344845239
2016-07-26,2169.179931640625,-0.426650077224673,-0.00636254309471926,-0.29620030522898066
2016-07-27,2166.580078125,0.15170267283931269,-0.13521979254840844,-0.38818395737353095
2016-07-28,2170.06005859375,-0.19465027299128645,0.10219199317448092,-0.5079685845874279
2016-07-29,2173.60009765625,0.1970173400864846,0.10431363227813092,-0.5987810983945151
2016-08-01,2170.840087890625,-0.3601104966153048,-0.14125911032797037,-0.592411810230677
2016-08-02,2157.030029296875,-0.001733585086909686,-0.5740035616800975,-0.5983948690909954
2016-08-03,2163.7900390625,-0.0667884673231588,0.23122950478438628,-0.6072935625333674
2016-08-04,2164.25,-0.1476417949240772,-0.015691008752580744,-0.6103583199736409
2016-08-05,2182.8701171875,-0.19587358080575787,0.6916003227139632,-0.7261712450377573
2016-08-08,2180.889892578125,-0.5466806217557144,-0.11052483608480575,-0.7272046538749085
2016-08-09,2181.739990234375,-0.5396230766722255,-0.0006912892454141957,-0.7639473641685679
2016-08-10,2175.489990234375,-0.6225884399870176,-0.2765685481997004,-0.7519931753192103
2016-08-11,2185.7900390625,-0.4467144165064734,0.36621463664648607,-0.7566527541013223
2016-08-12,2184.050048828125,-0.8884644606211511,-0.10110907869377181,-0.7570198718287091
2016-08-15,2190.14990234375,-0.8070465294135536,0.20244168097249746,-0.7553257712888496
2016-08-16,2178.14990234375,-0.683806108822318,-0.4988394334012118,-0.7246573905693999
2016-08-17,2182.219970703125,-0.4825249230412136,0.12436752524929572,-0.737384281186827
2016-08-18,2187.02001953125,-0.5748898908449784,0.15233659118885556,-0.7495127192327825
2016-08-19,2183.8701171875,-0.8004908542026683,-0.15571247382632844,-0.7639315230082491
2016-08-22,2182.639892578125,-1.1217398507807388,-0.08139251765749508,-0.7743367159733358
2016-08-23,2186.89990234375,-0.8457741545828025,0.13139638749840454,-0.7717252091319808
2016-08-24,2175.43994140625,-0.7341185635508346,-0.47851283354293805,-0.7429042127092391
2016-08-25,2172.469970703125,-0.9212428366755775,-0.14935008258384475,-0.7428439748691504
2016-08-26,2169.0400390625,-0.5312167563061143,-0.16745992854839234,-0.7431553845546116
2016-08-29,2180.3798828125,-1.25010352632147,0.40778553887347213,-0.7195078561594499
2016-08-30,2176.1201171875,-0.8820447085007627,-0.19925336951539657,-0.7580202461783749
2016-08-31,2170.949951171875,-0.08784609072782058,-0.23507446694085704,-0.7588236155038556
2016-09-01,2170.860107421875,-0.4791686682681766,-0.037190005949581814,-0.7587860642372023
2016-09-02,2179.97998046875,-0.7938829008800535,0.32124363362852043,-0.8186719046690512
2016-09-06,2186.47998046875,-0.421108597381341,0.21837755758212868,-0.8097106849194518
2016-09-07,2186.159912109375,-0.5551810427229389,-0.04608056558853761,-0.8097192941376099
2016-09-08,2181.300048828125,-0.12815251487130183,-0.222103773518052,-0.8136330097279109
2016-09-09,2127.81005859375,0.4010274432998714,-2.1356895155467996,-0.3931393259349265
2016-09-12,2159.0400390625,0.16736519511348516,1.199893671045938,-0.2675401480487272
2016-09-13,2127.02001953125,0.3045325046694723,-1.2987067422710243,-0.18401004564995393
2016-09-14,2125.77001953125,-0.1947966517041292,-0.08345555666559121,-0.19149780782102485
2016-09-15,2147.260009765625,-0.49840701338465015,0.81790294044384,-0.14128548333556584
2016-09-16,2139.159912109375,1.2169842111746512,-0.35366572480577596,-0.14213633525995664
2016-09-19,2139.1201171875,-0.7408728955862922,-0.03526118912970582,-0.14171993309672498
2016-09-20,2139.760009765625,-0.7664264365996951,-0.008363875963801814,-0.14106731662033414
2016-09-21,2163.1201171875,-0.17247389799561233,0.8855900369165538,-0.08756650323236237
2016-09-22,2177.179931640625,-0.34142629948316444,0.5148275789472816,-0.07929458809426419
2016-09-23,2164.68994140625,-0.5860878623774475,-0.5207800399668305,-0.06693766667759797
2016-09-26,2146.10009765625,-0.6801361853789037,-0.7638960930055484,-0.040400601357594164
2016-09-27,2159.929931640625,-0.4561976659742134,0.5101493494036822,-0.03442026158733143
2016-09-28,2171.3701171875,0.01043675932372901,0.4135552012577795,-0.023432600276467912
2016-09-29,2151.1298828125,0.3818518319174733,-0.8265705798109942,0.006388510668383992
2016-09-30,2168.27001953125,0.32244298574801533,0.6382365264311358,0.0314533678535815
2016-10-03,2161.199951171875,-0.7701172712878012,-0.3101990979889725,0.027536083088914847
2016-10-04,2150.489990234375,-0.1404274155053996,-0.4542843883187607,0.029679757577883728
2016-10-05,2159.72998046875,0.03481927063439003,0.3293073766671505,0.03880428347764835
2016-10-06,2160.77001953125,-0.43115645045576007,0.007074542770715357,0.038144470649967115
2016-10-07,2153.739990234375,-0.2840144771817752,-0.3095864949894391,-0.21028310230354078
2016-10-10,2163.659912109375,-1.0125622422447513,0.35537053162018917,-0.29857480596370795
2016-10-11,2136.72998046875,-0.4781858397676611,-1.0940606430756956,-0.3330061833767511
2016-10-12,2139.179931640625,-0.9314893465745688,0.06333244639750145,-0.33299175862541497
2016-10-13,2132.550048828125,-0.32661068261901066,-0.29648811917717194,-0.38239211058758915
2016-10-14,2132.97998046875,-0.6926829321939951,-0.016619355813219355,-0.38922579878002755
2016-10-17,2126.5,-1.0643489397240413,-0.2912848449273318,-0.38481605174844674
2016-10-18,2139.60009765625,-0.7083349988458217,0.4862751289194235,-0.36324268977178825
2016-10-19,2144.2900390625,-0.5075347716926292,0.15169064761190712,-0.42902642071142716
2016-10-20,2141.340087890625,-0.5343743542545789,-0.1502399580774031,-0.4589213164753101
2016-10-21,2141.159912109375,-0.41197038345101605,-0.04081019571316137,-0.47449129142233926
2016-10-24,2151.330078125,-0.5128044053549676,0.36749978991353194,-0.503850543943376
2016-10-25,2143.159912109375,-0.0985003698983024,-0.3558271557135981,-0.5232406732802624
2016-10-26,2139.429931640625,-0.07558164571606871,-0.1811638729400422,-0.5454486704597953
2016-10-27,2133.0400390625,0.3753484348183176,-0.286931261477117,-0.5964772727089585
2016-10-28,2126.409912109375,0.18596574726685822,-0.2972554859777411,-0.6499749072213331
2016-10-31,2126.14990234375,0.07962161238661238,-0.044039154918555486,-0.6540800327909144
2016-11-01,2111.719970703125,0.720164404164068,-0.6102461645599871,-0.6390771288232135
2016-11-02,2097.93994140625,0.45870065615990835,-0.5879682660939854,-0.6399583042093486
2016-11-03,2088.659912109375,0.04359153778260813,-0.40901746435886027,-0.6368046344033655
2016-11-04,2085.179931640625,-0.008885230771511805,-0.17486426159178967,-0.6388512992389059
2016-11-07,2131.52001953125,-0.1157312355243613,1.8272342631178797,-0.3230783031251299
2016-11-08,2139.56005859375,0.074697014261689,0.28506157311903274,-0.39385362098369864
2016-11-09,2163.260009765625,2.5273141704310715,0.8989769896459953,-0.33227668231491264
2016-11-10,2167.47998046875,2.726870178525101,0.13130990693721808,-0.3389672083719448
2016-11-11,2164.449951171875,1.1956861084560335,-0.15212433171468134,-0.3366621756960734
2016-11-14,2164.199951171875,1.5926651776855265,-0.04346560827928307,-0.3440154118368273
2016-11-15,2180.389892578125,0.7294908192966193,0.5973070145159578,-0.33588718112048094
2016-11-16,2176.93994140625,-0.002622312986311996,-0.167752210934499,-0.3337270108147634
2016-11-17,2187.1201171875,-0.04044029901146677,0.36130874791574885,-0.329078355340939
2016-11-18,2181.89990234375,-0.28178742962209646,-0.2360024008113104,-0.3237303134134835
2016-11-21,2198.179931640625,-0.24979322524361333,0.5956769924578845,-0.3096959926203669
2016-11-22,2202.93994140625,0.11512890587332114,0.14944866933012102,-0.3222191364632395
2016-11-23,2204.719970703125,-0.4501752275029695,0.03469637106096208,-0.3272501346667785
2016-11-25,2213.35009765625,-2.3690537741583624,0.2970725468779099,-0.33601212447753936
2016-11-28,2201.719970703125,-0.3505854246581812,-0.4797263996020807,-0.32259252404728783
2016-11-29,2204.659912109375,-0.1476522505464231,0.07928898694212531,-0.3243548963383396
2016-11-30,2198.81005859375,1.7649006445896942,-0.2586311900211572,-0.35340336024952856
2016-12-01,2191.080078125,1.2725140214537767,-0.3318475344033876,-0.37679024107007447
2016-12-02,2191.949951171875,-0.07113800621905715,-8.088803715664883e-05,-0.4000006808013667
2016-12-05,2204.7099609375,0.05031450295102796,0.4577368712855474,-0.40450546390401565
2016-12-06,2212.22998046875,0.007195516396497054,0.2546001631827064,-0.6654866169520804
2016-12-07,2241.35009765625,0.6834442584852337,1.073488667330924,-0.5742382794856843
2016-12-08,2246.18994140625,0.36893913832027503,0.14893424661785015,-0.6341548595992276
2016-12-09,2259.530029296875,0.03769456677951516,0.4676417890626992,-0.6219660190561843
2016-12-12,2256.9599609375,0.1970277957088305,-0.13004019395141878,-0.6233268852638171
2016-12-13,2271.719970703125,0.026371127778895134,0.5181913681103051,-0.6136652296022873
2016-12-14,2253.280029296875,0.5847431835398478,-0.723718639249323,-0.5591710614412344
2016-12-15,2262.030029296875,0.3376663718836596,0.2944447677266174,-0.5640556075583338
2016-12-16,2258.070068359375,2.1732763421762287,-0.18202988137709616,-0.5613361479557096
2016-12-19,2262.530029296875,-0.6247945763020045,0.1333695156030048,-0.5732105985283759
2016-12-20,2270.760009765625,-0.5689510973525018,0.27371954424904904,-0.5943740241071804
2016-12-21,2265.179931640625,-1.0408865231798203,-0.24199101857454403,-0.5831019925183095
2016-12-22,2260.9599609375,-1.0139214731497197,-0.191559135832111,-0.5759162021000341
2016-12-23,2263.7900390625,-1.9125194800465684,0.07222214075851371,-0.5812439287949407
2016-12-27,2268.8798828125,-1.9454546904361834,0.15645523364977992,-0.6129009341632105
2016-12-28,2249.919921875,-1.513616576305428,-0.744151770425117,-0.5454289952676868
2016-12-29,2249.260009765625,-1.5805848374309786,-0.058522017411604926,-0.5537751267593017
2016-12-30,2238.830078125,-1.2325694476473796,-0.42718808450132073,-0.5456799298300375
2017-01-03,2257.830078125,-0.08092446873482848,0.6817852388272544,-0.5116821546267627
2017-01-04,2270.75,-0.0852321851413432,0.4494006367671634,-0.5122340470076059
2017-01-05,2269.0,-0.06830453256331567,-0.09895898293213347,-0.5119370927451794
2017-01-06,2276.97998046875,-0.5314886024871079,0.26354949306939224,-0.6098459115143194
2017-01-09,2268.89990234375,-0.659413141889311,-0.33465688109281994,-0.59826363813031
2017-01-10,2268.89990234375,-0.21940918670640022,-0.03368617441397807,-0.6217594358539353
2017-01-11,2275.320068359375,-0.23559449009786818,0.20554257399394998,-0.6184584942073638
2017-01-12,2270.43994140625,-0.401692506684987,-0.21546820480259204,-0.6458126491292815
2017-01-13,2274.639892578125,-0.7943429482632736,0.1227830809523563,-0.7032926251886104
2017-01-17,2267.889892578125,-0.27546177810282124,-0.2852988266302152,-0.7051616068918358
2017-01-18,2271.889892578125,-0.5570107766334731,0.11550786884580257,-0.7065107077898478
2017-01-19,2263.68994140625,-0.7130923070132106,-0.3398156098472917,-0.696617246895645
2017-01-20,2271.31005859375,-0.32784444605582796,0.2508326033355052,-0.6982900946847181
2017-01-23,2265.199951171875,-0.7268414503980816,-0.2617484227858932,-0.6972164950715178
2017-01-24,2280.070068359375,-0.034982464146901995,0.5202789435492794,-0.6663003471651924
2017-01-25,2298.3701171875,-0.0011167033685010237,0.6431182409155529,-0.6223982176092235
2017-01-26,2296.679931640625,-0.24978276962126741,-0.09596928925606567,-0.6227303756714117
2017-01-27,2294.68994140625,-0.7454733694184924,-0.10707583157698364,-0.6900661191329884
2017-01-30,2280.89990234375,-0.26700317962498044,-0.5440100539835857,-0.6512283138860321
2017-01-31,2278.8701171875,0.2502260022048182,-0.10906221641300927,-0.6735358499499867
2017-02-01,2279.550048828125,0.07191581871767705,-0.008429447508751652,-0.7274214965669609
2017-02-02,2280.85009765625,-0.04250005661361095,0.014584447216998166,-0.7552628618898173
2017-02-03,2297.419921875,-0.25557518440090127,0.5791502374222488,-0.7121650987058605
2017-02-06,2292.56005859375,-0.771643792150304,-0.21296937202957372,-0.7143859945460491
2017-02-07,2293.080078125,-0.4160794430329585,-0.014484201439736636,-0.7292145197742901
2017-02-08,2294.669921875,-0.24932272223804738,0.024992579697031767,-0.729478506804475
2017-02-09,2307.8701171875,-0.1764993125987875,0.45194900491173917,-0.7097619007403774
2017-02-10,2316.10009765625,-0.3699283259981138,0.26769103135445943,-0.7112893793749028
2017-02-13,2328.25,-0.520729767093167,0.4092845191294099,-0.6962897199477917
2017-02-14,2337.580078125,-0.33705584934257427,0.3049108268146935,-0.7066096745669994
2017-02-15,2349.25,-0.06747853839798881,0.3879285838120654,-0.6963516183719265
2017-02-16,2347.219970703125,-0.18245901733595593,-0.10687705116669453,-0.7161945370796083
2017-02-17,2351.159912109375,-0.34877660199233884,0.10830714221929225,-0.7185289568932697
2017-02-21,2365.3798828125,-0.2748658076291044,0.47682197727294673,-0.7230430432303712
2017-02-22,2362.820068359375,-0.39442584915457984,-0.1253586293900349,-0.7339735480964932
2017-02-23,2363.81005859375,0.17916959274201702,0.0017792747844835731,-0.773503415420617
2017-02-24,2367.340087890625,-0.01881807200012586,0.0926529393738184,-0.7785569793859519
2017-02-27,2369.75,-0.2778352043753427,0.052455986917987835,-0.7845099806952183
2017-02-28,2363.639892578125,0.3785478552561659,-0.25226242634069984,-0.8312830826325044
2017-03-01,2395.9599609375,0.5198765025058251,1.1161465651975249,-0.7058320214629926
2017-03-02,2381.919921875,-0.027579883525998047,-0.5312634131000752,-0.6513216324054351
2017-03-03,2383.1201171875,-0.30712140256623527,0.008963090276912743,-0.6511417707529591
2017-03-06,2375.31005859375,-0.6258819610259791,-0.3116044765501544,-0.6519647887322118
2017-03-07,2368.389892578125,-0.33887512763076255,-0.2807025681273192,-0.6465395500530872
2017-03-08,2362.97998046875,-0.03798322776017803,-0.2272970127059138,-0.6360685361478191
2017-03-09,2364.8701171875,-0.1379703442541109,0.03400868811970514,-0.6361969499895092
2017-03-10,2372.60009765625,-0.43496229698967115,0.24259955674344313,-0.648346815464944
2017-03-13,2373.469970703125,-0.7149115853013989,-0.0026514494885783195,-0.651782790755141
2017-03-14,2365.449951171875,-0.7074776378134572,-0.32025083861089154,-0.6505959745564032
2017-03-15,2385.260009765625,0.061773865042144806,0.6723971051146189,-0.6144290121210392
2017-03-16,2381.3798828125,-0.5034675346000703,-0.17152128365334338,-0.6229175149846679
2017-03-17,2378.25,1.3899829385100704,-0.14503384194884317,-0.6216861867391373
2017-03-20,2373.469970703125,-0.8247897205345621,-0.20402201297142983,-0.6175090127047537
2017-03-21,2344.02001953125,0.4480045545000429,-1.09076019709957,-0.5313072679466199
2017-03-22,2348.449951171875,-0.2877889568486486,0.12616720363769218,-0.5281838840765026
2017-03-23,2345.9599609375,-0.6147990013393151,-0.1234999269459309,-0.5282256561271282
2017-03-24,2343.97998046875,-0.9116027528726489,-0.1051719803089569,-0.5306164108541617
2017-03-27,2341.590087890625,-0.6358148022545932,-0.12005204362110158,-0.5321142249175648
2017-03-28,2358.570068359375,-0.5032165996637685,0.5780336931949741,-0.49760097214258214
2017-03-29,2361.1298828125,-0.7765788458975732,0.05815137919716138,-0.6352173417766195
2017-03-30,2368.06005859375,-0.7221991540764978,0.2144465082395845,-0.6488284819550647
2017-03-31,2362.719970703125,-0.5161606601280045,-0.2248219580318566,-0.6465144164720377
2017-04-03,2358.840087890625,-0.45134625720571137,-0.1728285310305632,-0.652050702421635
2017-04-04,2360.159912109375,-0.671322095741302,0.013671710100780063,-0.6572991678425956
2017-04-05,2352.949951171875,-0.07293637326255359,-0.29271724110215963,-0.6541430126163514
2017-04-06,2357.489990234375,-0.6766440075153699,0.12951542849125022,-0.6512819298496362
2017-04-07,2355.5400390625,-0.831962277463856,-0.10374288166603823,-0.661240125290801
2017-04-10,2357.159912109375,-1.1060355060171825,0.024515753830933865,-0.6607706865517541
2017-04-11,2353.780029296875,-0.762746057533935,-0.15517051938603843,-0.6676640090820254
2017-04-12,2344.929931640625,-0.6786828538728223,-0.3526167122717727,-0.7288792067142125
2017-04-13,2328.949951171875,-0.7361051317965575,-0.6126168422957647,-0.6977880114235664
2017-04-17,2349.010009765625,-1.070151810126021,0.692427349703707,-0.6238547240173219
2017-04-18,2342.18994140625,-0.6045420358179778,-0.2798539811961696,-0.621321391209708
2017-04-19,2338.169921875,-0.34424931751656,-0.17912326909418314,-0.7466069054125634
2017-04-20,2355.840087890625,-0.21059509706879848,0.6037325790105281,-0.6971654713112798
2017-04-21,2348.68994140625,-0.34111263081278714,-0.29103678049926873,-0.689624497777829
2017-04-24,2374.14990234375,-0.14558203732193303,0.8791332819991574,-0.6026457364060921
2017-04-25,2388.610107421875,0.1624928751002913,0.48040867762557865,-0.5846711526622753
2017-04-26,2387.449951171875,0.2728310577166746,-0.0748175164502629,-0.6143152755175024
2017-04-27,2388.77001953125,0.26090119261999184,0.013113009429244158,-0.6144976767621207
2017-04-28,2384.199951171875,-0.1349382137737971,-0.1958150212766689,-0.6148482493371834
2017-05-01,2388.330078125,-0.6784737414259041,0.11284870349535162,-0.6191661003259754
2017-05-02,2391.169921875,0.011450954691282234,0.06692314182813615,-0.622843922339324
2017-05-03,2388.1298828125,0.04846385779580197,-0.1413924763509975,-0.6200261792718085
2017-05-04,2389.52001953125,0.5410282265116,0.015582329148564961,-0.6309456957847922
2017-05-05,2399.2900390625,-0.3211633033767918,0.31177129673324677,-0.6235930669808177
2017-05-08,2399.3798828125,-0.4395732264442172,-0.030515926980379984,-0.6253409235044354
2017-05-09,2396.919921875,-0.20134187129266856,-0.12053182916377468,-0.6225415669009663
2017-05-10,2399.6298828125,-0.21019778341965392,0.061980413716791076,-0.6267559244908305
2017-05-11,2394.43994140625,-0.12828843796179865,-0.21699544785174404,-0.6368029017519014
2017-05-12,2390.89990234375,-0.570655363794885,-0.158948801124501,-0.6843222385604384
2017-05-15,2402.320068359375,-0.3767453917676469,0.3697474071081016,-0.7217174611552203
2017-05-16,2400.669921875,-0.4481259255231712,-0.09186125596778866,-0.7342103260324145
2017-05-17,2357.030029296875,0.3286745366661774,-1.5868775501025958,-0.4643083581553146
2017-05-18,2365.719970703125,0.49040210311270604,0.2778787420372867,-0.48977188544859723
2017-05-19,2381.72998046875,-0.019560421186685436,0.5373439435881812,-0.4725894678307
2017-05-22,2394.02001953125,-0.7045291523119107,0.4020652388857516,-0.5263297262365046
2017-05-23,2398.419921875,-0.6627275741729644,0.12177167203111645,-0.5472961128384519
2017-05-24,2404.389892578125,-0.4821798875037986,0.1767901257230695,-0.5443465473335021
2017-05-25,2415.070068359375,-0.32642248141678426,0.34155190266736374,-0.5335513390786952
2017-05-26,2415.820068359375,-1.0910212323284565,-0.007398009371290563,-0.5377930724918437
2017-05-30,2412.909912109375,-0.6739150900830876,-0.13573537481212325,-0.5365055197869341
2017-05-31,2411.800048828125,0.6980507629024694,-0.07263769776658095,-0.5362669355706805
2017-06-01,2430.06005859375,0.010677238637684928,0.6048962974761196,-0.5071534991150661
2017-06-02,2439.070068359375,-0.40244531149389245,0.27964278975519363,-0.502326116355753
2017-06-05,2436.10009765625,-0.9762289545927157,-0.1368407761357705,-0.5060158251051927
2017-06-06,2429.330078125,-0.4952389598138396,-0.2692969366665819,-0.49849271254441674
2017-06-07,2433.139892578125,-0.2866806608799822,0.09898395366565753,-0.49987586201872913
2017-06-08,2433.7900390625,-0.11964163828173147,-0.011066711221486577,-0.49984277596011456
2017-06-09,2431.77001953125,0.18762819121985783,-0.10398513805312068,-0.5037015852507849
2017-06-12,2429.389892578125,0.18969840444434793,-0.11659226108451881,-0.5050088262723567
2017-06-13,2440.35009765625,-0.5982372955433943,0.34741457858794444,-0.5063249642290233
2017-06-14,2437.919921875,-0.3050616449640911,-0.11803869327385826,-0.5056743228599916
2017-06-15,2432.4599609375,-0.5002262916728384,-0.22351101656668532,-0.8113216322940738
2017-06-16,2433.14990234375,1.5149903592777647,-0.00967568038260291,-0.8151495921664181
2017-06-19,2453.4599609375,-0.6053052962492292,0.670086137429784,-0.7937511240301472
2017-06-20,2437.030029296875,-0.4471953751343853,-0.602553753082483,-0.7453428888910616
2017-06-21,2435.610107421875,-0.26266409635142796,-0.08302925850292141,-0.744380156098967
2017-06-22,2434.5,-0.3901599552374488,-0.07228307224638786,-0.746221990806891
2017-06-23,2438.300048828125,1.4972994462684857,0.09836334987941941,-0.7602326626535579
2017-06-26,2439.070068359375,-0.6343928376155495,-0.006953512970023898,-0.7602344239560119
2017-06-27,2419.3798828125,-0.29865234846604855,-0.7199334288751542,-0.6954960946140273
2017-06-28,2440.68994140625,-0.38730557033701546,0.7087704475410891,-0.6367857255363628
2017-06-29,2419.699951171875,0.02002456501492805,-0.7649431032175246,-0.61805988983952
2017-06-30,2423.409912109375,-0.5064473869686545,0.096023171026087,-0.6277931659051356
2017-07-03,2429.010009765625,-2.037725557638835,0.16173138404862225,-0.6235001760595975
2017-07-05,2432.5400390625,-0.5042307950313217,0.08926418191885947,-0.6276403834547281
2017-07-06,2409.75,-0.5036452801799508,-0.8306225386497219,-0.5668185225717326
2017-07-07,2425.179931640625,-0.9629816810804483,0.5066965524894176,-0.5357899826892182
2017-07-10,2427.429931640625,-0.8788243768182226,0.04482533725233119,-0.5353567675869223
2017-07-11,2425.530029296875,-0.7753973605724854,-0.09997659267811164,-0.5355687581305151
2017-07-12,2443.25,-0.7041945723968416,0.5825836885244472,-0.5136966386251338
2017-07-13,2447.830078125,-0.817523063004155,0.12487410647947039,-0.5125398629038872
2017-07-14,2459.27001953125,-1.162610878530899,0.3610671867898024,-0.505020022675197
2017-07-17,2459.139892578125,-1.0976605525181091,-0.0381660784064883,-0.5048347483607961
2017-07-18,2460.610107421875,-0.9162450491942328,0.01691539054365057,-0.5473090660551633
2017-07-19,2473.830078125,-0.8224372055067325,0.4199626707537088,-0.5663774383071761
2017-07-20,2473.449951171875,-0.655136792349834,-0.046696505210165995,-0.5670655839982204
2017-07-21,2472.5400390625,-0.8192273294465382,-0.06483720242664485,-0.5672137787521706
2017-07-24,2469.909912109375,-0.8683269319829294,-0.12379361194498183,-0.5654921892691867
2017-07-25,2477.1298828125,0.2780693245119753,0.21343872553687027,-0.5621472386093583
2017-07-26,2477.830078125,-0.26408606099047166,-0.00975823947261201,-0.6229223392457531
2017-07-27,2475.419921875,0.19377609715925265,-0.11607743574634342,-0.6694389923187892
2017-07-28,2472.10009765625,-0.5725060089501111,-0.14730590642881128,-0.7474177933760923
2017-07-31,2470.300048828125,-0.3915400973871088,-0.09535597840283253,-0.7446966757290776
2017-08-01,2476.35009765625,-0.3974684352572395,0.17341094930561038,-0.7443144038978395
2017-08-02,2477.570068359375,-0.3798088891149983,0.00801291520570305,-0.7443731313236821
2017-08-03,2472.159912109375,-0.1965636518805879,-0.21876410719075529,-0.8548920523859952
2017-08-04,2476.830078125,-0.6382405066388442,0.12610104505258868,-0.8908082968780446
2017-08-07,2480.909912109375,-0.9569801538538963,0.10565677848185687,-0.8903700140645218
2017-08-08,2474.919921875,-0.5258425664203168,-0.23834765272652314,-0.878315213153041
2017-08-09,2474.02001953125,-0.5640264992275784,-0.06447615188021552,-0.9389659509907176
2017-08-10,2438.2099609375,-0.22436515169836135,-1.268098360816731,-0.6903735830492108
2017-08-11,2441.320068359375,-0.7199511952721273,0.0742392139609358,-0.7100774111018451
2017-08-14,2465.840087890625,-1.0728389050689198,0.8124112258934848,-0.6241733822317308
2017-08-15,2464.610107421875,-0.9702587942332014,-0.07592752687986012,-0.6240720698264711
2017-08-16,2468.110107421875,-0.9345632995442663,0.08645940636703273,-0.6453715241187201
2017-08-17,2430.010009765625,-0.7166890411002035,-1.3508250969183009,-0.4847798171184073
2017-08-18,2425.550048828125,-0.4427308243926819,-0.1892175501671263,-0.48444652652289977
2017-08-21,2428.3701171875,-1.0944506764579147,0.06469074580359635,-0.4817768483217332
2017-08-22,2452.510009765625,-1.1181431166937459,0.8037792762597201,-0.4221717293414492
2017-08-23,2444.0400390625,-1.1014559434296742,-0.3265854585033979,-0.41785401687822793
2017-08-24,2438.969970703125,-1.0463234467996934,-0.20949979727612708,-0.4168205856448881
2017-08-25,2443.050048828125,-1.3143324143923922,0.10782645184807882,-0.4139346162492227
2017-08-28,2444.239990234375,-1.2206814050400805,0.007541006491436261,-0.41331985929203086
2017-08-29,2446.300048828125,-1.1615653162963082,0.037640002538986105,-0.4174122585527248
2017-08-30,2457.590087890625,-1.2678780843095163,0.35614956025322936,-0.40302398803427397
2017-08-31,2471.64990234375,-0.5191718793636265,0.44929140513051863,-0.38559874662580157
2017-09-01,2476.550048828125,-1.1894609167151948,0.1339964764478179,-0.3853975790765244
2017-09-05,2457.85009765625,-0.3640836331067504,-0.6753895937966689,-0.35787581748304187
2017-09-06,2465.5400390625,-0.4707205254126817,0.23078923575846214,-0.3538248896511389
2017-09-07,2465.10009765625,-0.5067087775273024,-0.04879454747131897,-0.3538419011374368
2017-09-08,2461.429931640625,-0.5667449610375148,-0.15983140130886772,-0.4772837678756727
2017-09-11,2488.110107421875,-0.58232383833292,0.8790688199822153,-0.41665466757448955
2017-09-12,2496.47998046875,-0.6442002113760127,0.2506394464245182,-0.463133730881306
2017-09-13,2498.3701171875,-0.5008640846359389,0.030390054984103115,-0.4639342257270594
2017-09-14,2495.6201171875,-0.4474358544483412,-0.12692809612407513,-0.4625183626403485
2017-09-15,2500.22998046875,1.0586965444799268,0.1225583968330404,-0.6540544589373883
2017-09-18,2503.8701171875,-0.6751279422752131,0.08948751513509798,-0.6633089294879546
2017-09-19,2506.64990234375,-0.6238326590461809,0.060254709256712245,-0.6632693971056179
2017-09-20,2508.239990234375,-0.2779502162211477,0.020002899081524285,-0.7273983038366737
2017-09-21,2500.60009765625,-0.9251323281882559,-0.2919577363890311,-0.7308009985924833
2017-09-22,2502.219970703125,-1.0167340355607692,0.021140547201721194,-0.7408897197227091
2017-09-25,2496.659912109375,-0.5602938420500887,-0.22202203154280528,-0.7299704847544187
2017-09-26,2496.840087890625,-0.8151600923539795,-0.027576507605337468,-0.7293443557537239
2017-09-27,2507.0400390625,-0.3819836585629475,0.3114718415014552,-0.7213485237874979
2017-09-28,2510.06005859375,-0.7082408982447086,0.06823940877081121,-0.732664247243975
2017-09-29,2519.360107421875,-0.6588589939049778,0.2794216868541365,-0.7470369310950651
2017-10-02,2529.1201171875,-0.6524706086516271,0.29366680694533054,-0.7399617557423487
2017-10-03,2534.580078125,-0.812326618698238,0.14889159042415973,-0.8227809685451405
2017-10-04,2537.739990234375,-0.8674382040835271,0.07179976527343541,-0.82585643848949
2017-10-05,2552.070068359375,-0.8267030994238636,0.44304581722331016,-0.8105160561275602
2017-10-06,2549.330078125,-0.9955195778209188,-0.1246326415172677,-0.8133906754218856
2017-10-09,2544.72998046875,-1.4255906917752157,-0.18659384608398832,-0.9139269292174671
2017-10-10,2550.639892578125,-0.9282481036473369,0.16270938717474137,-0.9195038832593088
2017-10-11,2555.239990234375,-0.8982300118922306,0.11886752442051092,-0.918918103967137
2017-10-12,2550.929931640625,-0.7247085034395161,-0.17661314250809634,-0.914381322712919
2017-10-13,2553.169921875,-0.7318287822570805,0.0406248344664534,-0.9152412604064807
2017-10-16,2557.639892578125,-0.9748592680654016,0.11440911135339343,-0.9147471479080161
2017-10-17,2559.360107421875,-0.9917346425316996,0.02323756960818336,-0.9145321079497503
2017-10-18,2561.260009765625,-0.8898655140155031,0.029139174194975366,-0.9146495361786732
2017-10-19,2562.10009765625,-0.8687451568767658,-0.005921280850557868,-0.9416645176858388
2017-10-20,2575.2099609375,-0.4767325082615797,0.39841902693176917,-0.919324573007775
2017-10-23,2564.97998046875,-0.6649127992432594,-0.3706803363679751,-0.8956883076472937
2017-10-24,2569.1298828125,-0.4336448885740865,0.10318089885306594,-0.8981203176300002
2017-10-25,2557.14990234375,0.03665946016727011,-0.4293995787321704,-0.8618791920826684
2017-10-26,2560.39990234375,0.0432255910005013,0.07384824834146721,-0.8618367280102793
2017-10-27,2581.070068359375,0.04777378672097195,0.6470599346142605,-0.8114459120108094
2017-10-30,2572.830078125,-0.19884297755199618,-0.3044042372252831,-0.8003324771526937
2017-10-31,2575.260009765625,-0.0062608695626885135,0.046237256163682676,-0.8022862364979161
2017-11-01,2579.360107421875,-0.009627579958071382,0.10100024107645648,-0.8018142321132092
2017-11-02,2579.85009765625,0.20883219333736236,-0.0176045331647159,-0.8298451708711324
2017-11-03,2587.840087890625,-0.2945328332617602,0.2281178345089275,-0.8262403983060983
2017-11-06,2591.1298828125,-0.3224911674147223,0.07387403973405698,-0.8342991065107963
2017-11-07,2590.639892578125,-0.036822653679782075,-0.04969780195472502,-0.8356642155428984
2017-11-08,2594.3798828125,0.050230857972260685,0.088450556947961,-0.8364090571782447
2017-11-09,2584.6201171875,-0.006595449477757618,-0.3527812913572502,-0.8193974177469731
2017-11-10,2582.300048828125,-0.3771008829274078,-0.10971796630719563,-0.8168353790249975
2017-11-13,2584.840087890625,-0.46549271423972693,0.049550813717240044,-0.8182875563076288
2017-11-14,2578.8701171875,-0.21625158875793554,-0.22945191835160145,-0.8095548951166424
2017-11-15,2564.6201171875,-0.275838180507274,-0.502806470429012,-0.7737164377464688
2017-11-16,2585.639892578125,-0.5444012960843062,0.657392504363771,-0.7127763753978955
2017-11-17,2578.85009765625,-0.5652393514197039,-0.25630179461073577,-0.7267749134825278
2017-11-20,2582.139892578125,-0.8641237717998738,0.07424876068414075,-0.7424410374492328
2017-11-21,2599.030029296875,-0.5219217080406007,0.5183061445858445,-0.7090946320298417
2017-11-22,2597.080078125,-1.135792207213641,-0.09722973967076023,-0.7339112818581788
2017-11-24,2602.419921875,-2.5768069901715847,0.14021130462517348,-0.7326107917364507
2017-11-27,2601.419921875,-0.8706271688990295,-0.06622502817664296,-0.7876218708115107
2017-11-28,2627.0400390625,-0.3733368588828803,0.7960441603457583,-0.7205146587152257
2017-11-29,2626.070068359375,0.25116700821595006,-0.06495188366136095,-0.7187506238736561
2017-11-30,2647.580078125,1.1661071528394555,0.6569635889461195,-0.6751609868120182
2017-12-01,2642.219970703125,0.10510196404359391,-0.20526376015074183,-0.6670218752722962
2017-12-04,2639.43994140625,0.18342503103680222,-0.12281232431635841,-0.6665274150991992
2017-12-05,2629.570068359375,-0.31663601890101295,-0.3508686742335865,-0.6491116092866215
2017-12-06,2629.27001953125,-0.6245436413657027,-0.04334730911360432,-0.6492202703662528
2017-12-07,2636.97998046875,-0.5785598142883926,0.21421419995209265,-0.6458247090252388
2017-12-08,2651.5,-0.7566295184615779,0.4312181585895972,-0.6486001813067924
2017-12-11,2659.989990234375,-0.7412283867460531,0.23696963913860006,-0.6501362189555072
2017-12-12,2664.110107421875,-0.29432372081484204,0.09734951868886045,-0.650348735440557
2017-12-13,2662.85009765625,-0.29489878004386705,-0.07373784481506679,-0.659267781800077
2017-12-14,2652.010009765625,-0.42622139670849074,-0.3790427540505511,-0.6751204122989745
2017-12-15,2675.81005859375,1.9724552037783445,0.7227239867713209,-0.666170489286534
2017-12-18,2690.159912109375,-0.1282257042277232,0.4191346925926211,-0.6736378819501978
2017-12-19,2681.469970703125,-0.4628997198979414,-0.3076147332142092,-0.6512274758822434
2017-12-20,2679.25,-0.6317057426726508,-0.10380753160738924,-0.6651120140163271
2017-12-21,2684.570068359375,-0.5826688738703351,0.1342596927281672,-0.6695810275239457
2017-12-22,2683.340087890625,-1.5154149433489243,-0.07248505103036686,-0.6662140473132315
2017-12-26,2680.5,-1.9653935622498329,-0.12334275385110102,-0.6636879199038556
2017-12-27,2682.6201171875,-1.72257218888843,0.0332511782547877,-0.7280065750193322
2017-12-28,2687.5400390625,-1.7518583870793225,0.12144434862854418,-0.7295511440250994
2017-12-29,2673.610107421875,-1.4665558201264892,-0.473651204711215,-0.7465052959278526
2018-01-02,2695.81005859375,-0.47361673280249866,0.6664028532366006,-0.7006783233030904
2018-01-03,2713.06005859375,-0.3203373092114649,0.5063342498391075,-0.681432480094413
2018-01-04,2723.989990234375,-0.1600421630263259,0.3067070186206163,-0.7010009609410466
2018-01-05,2743.14990234375,-0.6389724002030579,0.5597325840255024,-0.6821278194396673
2018-01-08,2747.7099609375,-0.6317789320290721,0.10693681621423785,-0.6825795893324118
2018-01-09,2751.2900390625,-0.4003960095140942,0.07655276147093207,-0.6931553127579224
2018-01-10,2748.22998046875,-0.2828329918566874,-0.12790358553715667,-0.6878760447468419
2018-01-11,2767.56005859375,-0.21404545244294862,0.559722414272105,-0.6644409792293902
2018-01-12,2786.239990234375,-0.27517947629948164,0.5358388968739627,-0.6520264400463055
2018-01-16,2776.419921875,0.535821326583337,-0.3326086841477477,-0.6575126954282894
2018-01-17,2802.56005859375,-0.06280487520936726,0.7596959233174038,-0.6525918405020962
2018-01-18,2798.030029296875,-0.15381061210816382,-0.17064609160514435,-0.6494682458982926
2018-01-19,2810.300048828125,-0.13192699453817516,0.33677145866747277,-0.6694846888006639
2018-01-22,2832.969970703125,-0.3773727291084014,0.6465311605266185,-0.6542060777613092
2018-01-23,2839.1298828125,-0.3233589840694328,0.15020334822613515,-0.6544277035005386
2018-01-24,2837.5400390625,0.23928942123099683,-0.08110895117217047,-0.6538746689088767
2018-01-25,2839.25,0.023725855325380022,0.01731844808541095,-0.6622937636528038
2018-01-26,2872.8701171875,-0.39284705018034755,0.9629418000568496,-0.6077064793072862
2018-01-29,2853.530029296875,-0.27497036385256346,-0.6055657277098135,-0.5378324167495276
2018-01-30,2822.429931640625,0.16902763906648477,-0.9614831287212579,-0.4569707038334505
2018-01-31,2823.81005859375,0.4452651814454146,0.007702915715042316,-0.47481813664527783
2018-02-01,2821.97998046875,0.1327570851485246,-0.08857337597480751,-0.48115447248783794
2018-02-02,2762.1298828125,0.5121288863475061,-1.8485903780773245,-0.21023964009547585
2018-02-05,2648.93994140625,1.526972502486177,-3.5762217541119625,0.3757338933503752
2018-02-06,2695.139892578125,2.161116453387936,1.4301941232044095,0.47097782538732264
2018-02-07,2681.659912109375,0.832154575111105,-0.45820061978012616,0.47350425803180485
2018-02-08,2581.0,1.551020433881769,-3.2728310921633113,0.7968857063647727
2018-02-09,2619.550048828125,1.9235228911994877,1.2215047015090854,0.8459248005943398
2018-02-12,2656.0,0.22878152077335775,1.1362503000705917,0.8862658879767357
2018-02-13,2662.93994140625,-0.3626721240900526,0.18724506575020464,0.8910533225851215
2018-02-14,2698.6298828125,0.16889171597598795,1.0934761143351526,0.9139292992206614
2018-02-15,2731.199951171875,-0.16129683770783504,0.9820100222278771,0.9532862196723928
2018-02-16,2732.219970703125,-0.21275941089440176,-0.002072856588888507,0.9470106196148673
2018-02-20,2716.260009765625,-0.21275941089440176,-0.5296886835781217,0.9300992221431649
2018-02-21,2701.330078125,-0.0641641061143355,-0.5003229296779591,0.9280322777312312
2018-02-22,2703.9599609375,-0.13570147420504852,0.048697962331900144,0.9297829006304374
2018-02-23,2747.300048828125,-0.6796656823733378,1.3125715499668915,0.9963407801124924
2018-02-26,2779.60009765625,-0.4326725156959169,0.9558978411854893,0.9958767882290204
2018-02-27,2744.280029296875,-0.10281854192716304,-1.1163892624595202,1.0158358760043444
2018-02-28,2713.830078125,0.41212085860888137,-0.9783449871025003,1.016584696357131
2018-03-01,2677.669921875,0.6943390169696715,-1.1693593491318393,1.0403074847949745
2018-03-02,2691.25,0.04270280988320582,0.39460826396074883,1.0512889292809109
2018-03-05,2720.93994140625,-0.12208825391067431,0.8952092721930665,1.0023727851997901
2018-03-06,2728.1201171875,-0.4823994555730627,0.18943454419811281,0.596032733761333
2018-03-07,2726.800048828125,-0.4639348265101864,-0.07466261189678186,0.5280425989880247
2018-03-08,2738.969970703125,-0.6737268888808612,0.34333289799067157,0.5225216153109568
2018-03-09,2786.570068359375,-0.49511349234568863,1.425027397562475,0.0863401938062537
2018-03-12,2783.02001953125,-0.662309349279128,-0.14161496710881188,0.047609778193152666
2018-03-13,2765.31005859375,-0.550089154640481,-0.5741703150310166,0.029852533898691976
2018-03-14,2749.47998046875,-0.47654430705935336,-0.5197367203799492,0.05053606383877254
2018-03-15,2747.330078125,-0.32067188912653405,-0.09991303859068208,-0.002075599564860277
2018-03-16,2752.010009765625,1.6506625148382867,0.11041091312954456,-0.05168437070785535
2018-03-19,2712.919921875,-0.5467747223568277,-1.2448855061431272,0.026823833003509663
2018-03-20,2716.93994140625,-0.6041447221688333,0.09167578974185335,0.015783848464968032
2018-03-21,2711.929931640625,-0.43456498334052657,-0.18994891270798517,0.005355786004598992
2018-03-22,2643.68994140625,-0.08881846360599017,-2.1913256681261095,0.22175084055563202
2018-03-23,2588.260009765625,-0.02198612557093645,-1.8276892307619452,0.23571837206816368
2018-03-26,2658.550048828125,-0.3265584045072811,2.2348755078311733,0.4320883299332243
2018-03-27,2612.6201171875,-0.09314709125719672,-1.509141012279303,0.46489890545215595
2018-03-28,2605.0,0.02646522838000832,-0.2809813647800888,0.44312458384807457
2018-03-29,2640.8701171875,-0.2907165311055032,1.1241528875903524,0.4655607037352264
2018-04-02,2581.8798828125,-0.22440697418774497,-1.9462922011211328,0.5740133576845093
2018-04-03,2614.449951171875,-0.4752791767554983,1.0276520710842683,0.5850921957926997
2018-04-04,2644.68994140625,-0.5031015878179635,0.9399526347694859,0.6247892046528023
2018-04-05,2662.840087890625,-0.6482256259791879,0.5453631164877726,0.6413986634512687
2018-04-06,2604.469970703125,-0.5625313452321133,-1.9101734617441426,0.7317506894724032
2018-04-09,2613.159912109375,-0.809545423154226,0.24832748737271443,0.6432374979448674
2018-04-10,2656.8701171875,-0.28363807477732245,1.370762524060739,0.733400659831115
2018-04-11,2642.18994140625,-0.8321504786660824,-0.5027799733248762,0.7319385743410437
2018-04-12,2663.989990234375,-0.8417591956019733,0.6619851528624984,0.7527493844231634
2018-04-13,2656.300048828125,-0.9011366749043935,-0.2784313789409658,0.7529513157231245
2018-04-16,2677.840087890625,-0.8674695709505648,0.6500846920660087,0.7720095924299546
2018-04-17,2706.389892578125,-0.5899250757783963,0.8641762085778457,0.7591738392773589
2018-04-18,2708.639892578125,-0.45835152417747077,0.03667091421378642,0.7587817181950873
2018-04-19,2693.1298828125,-0.49694322625622284,-0.5198731954417158,0.7652199274008051
2018-04-20,2670.139892578125,-0.44138204911005957,-0.7595212824089614,0.6256665381677702
2018-04-23,2670.2900390625,-0.8573798953867621,-0.028925536913140145,0.4978678763065954
2018-04-24,2634.56005859375,-0.1405110604841669,-1.1741785771899147,0.35996364598348823
2018-04-25,2639.39990234375,-0.2997920113017527,0.12170301505741372,0.2691480209354331
2018-04-26,2666.93994140625,-0.16675467257239981,0.8451330674750284,0.2928071183732587
2018-04-27,2669.909912109375,-0.6439597320620567,0.06054473713616175,0.2417731215090308
2018-04-30,2648.050048828125,-0.10549518124771588,-0.729721034127449,0.08505474899219528
2018-05-01,2654.800048828125,-0.30069119482350093,0.1818503242661084,0.03799085245247161
2018-05-02,2635.669921875,0.2055700391654386,-0.6459684084048676,0.012426162418671552
2018-05-03,2629.72998046875,0.017902073678708413,-0.22470543116514163,-0.006082732613623975
2018-05-04,2663.419921875,-0.5386193369270182,1.0440639797791487,-0.14624499597188698
2018-05-07,2672.6298828125,-0.610188071884769,0.2585705495379914,-0.14600828131669538
2018-05-08,2671.919921875,-0.11010611070226198,-0.056179283786725376,-0.2604916546025543
2018-05-09,2697.7900390625,0.06612340393804317,0.7821014158517219,-0.2404013696178576
2018-05-10,2723.070068359375,-0.4911717227212808,0.7559711866804734,-0.2323493607582482
2018-05-11,2727.719970703125,-1.020006645355039,0.11076153205300947,-0.24015719993264906
2018-05-14,2730.1298828125,-0.8950515026990742,0.04108011283526397,-0.26308963799614865
2018-05-15,2711.449951171875,-0.5846972646054415,-0.6149564970525442,-0.286020602599456
2018-05-16,2722.4599609375,-0.6293532276448212,0.30939906297607705,-0.27880246465488245
2018-05-17,2720.1298828125,-0.38921894922631695,-0.10617833921428611,-0.29665256570211157
2018-05-18,2712.969970703125,-0.4884218940443066,-0.25683079543897963,-0.33468528422964344
2018-05-21,2733.010009765625,-0.833237863390057,0.589403637506263,-0.3140592680580031
2018-05-22,2724.43994140625,-0.48751225490021244,-0.2995878341959793,-0.42344489703418786
2018-05-23,2733.2900390625,-0.5408150176196592,0.24088981996659242,-0.4220912835986175
2018-05-24,2727.760009765625,-0.5903851231616163,-0.20515200619847687,-0.4626238550196112
2018-05-25,2721.330078125,-0.8731992519961232,-0.2334922712750962,-0.45557907632080713
2018-05-29,2689.860107421875,-0.11197766710217978,-1.0184557067313653,-0.41215365700554557
2018-05-30,2724.010009765625,-0.29685398142255215,1.0344178723512494,-0.3397640859928245
2018-05-31,2705.27001953125,0.40849275765485077,-0.6181464649444022,-0.342662109273457
2018-06-01,2734.6201171875,-0.1632102165971365,0.8799005974713828,-0.3070348939878925
2018-06-04,2746.8701171875,-0.4603799149125772,0.34472533213306733,-0.3664043306940134
2018-06-05,2748.800048828125,-0.34175042377588766,0.025776912517191032,-0.36820763478303864
2018-06-06,2772.35009765625,-0.19617679385378925,0.6885696531910005,-0.34453540092543566
2018-06-07,2770.3701171875,-0.11326370865072666,-0.09417346542949338,-0.3766198056027608
2018-06-08,2779.030029296875,-0.7439782154230273,0.2305510277974509,-0.4118151030770939
2018-06-11,2782.0,-0.6150813031426546,0.05674603324402489,-0.4120976626560804
2018-06-12,2786.85009765625,-0.4336030660847029,0.11378638990775225,-0.41179633284458145
2018-06-13,2775.6298828125,-0.030988416410764556,-0.3752402466572087,-0.43335696014703046
2018-06-14,2782.489990234375,-0.3235785521386969,0.17530569685765807,-0.4373444594093865
2018-06-15,2779.659912109375,1.6745536118986901,-0.11984146263058118,-0.4369576573118095
2018-06-18,2773.75,-0.5586313980970891,-0.21388320157132437,-0.4390493299282675
2018-06-19,2762.590087890625,-0.18741498232791706,-0.375008557393219,-0.45050963262509836
2018-06-20,2767.320068359375,-0.541881491098942,0.11114683163325537,-0.45858926729965055
2018-06-21,2749.760009765625,-0.5372391947773582,-0.5726309997539714,-0.43437493949504585
2018-06-22,2754.8798828125,1.6914080751202962,0.12380512675929863,-0.43657961524320144
2018-06-25,2717.070068359375,-0.19565401273649377,-1.2037121627255458,-0.33115551096672763
2018-06-26,2723.06005859375,-0.2943341764371879,0.15275557466069756,-0.4061951396114599
2018-06-27,2699.6298828125,-0.04853295070720075,-0.7653130377159783,-0.45373041945933906
2018-06-28,2716.31005859375,-0.4070457853260927,0.48781383819537044,-0.4576756001907086
2018-06-29,2718.3701171875,-0.27561861243800984,0.030498563052569663,-0.5324212550329489
2018-07-02,2726.7099609375,-0.7897842969204569,0.22566018104183594,-0.5402480461997774
2018-07-03,2713.219970703125,-2.027290846537617,-0.4535857023675046,-0.5278472730557863
2018-07-05,2736.610107421875,-0.9098984864302657,0.6930531021724735,-0.5271938251496658
2018-07-06,2759.820068359375,-1.3175736573196242,0.6813408272463588,-0.4764817473675651
2018-07-09,2784.169921875,-0.815902441540539,0.7100225476569809,-0.4352276662695848
2018-07-10,2793.840087890625,-0.8053631742158622,0.2598632563841691,-0.4292539188820276
2018-07-11,2774.02001953125,-0.9036042017780281,-0.6364467433486032,-0.40188575812270194
2018-07-12,2798.2900390625,-1.0624773833241234,0.7038167810746097,-0.37000728005537326
2018-07-13,2801.31005859375,-1.2866877489098074,0.05763656868380685,-0.37213446895675434
2018-07-16,2798.429931640625,-1.0775021126351956,-0.12077651207956092,-0.3721180497427078
2018-07-17,2809.550048828125,-0.8212766314263364,0.30207435839328717,-0.3692590661308481
2018-07-18,2815.6201171875,-0.7725116088050145,0.14903305398010644,-0.3810251085353327
2018-07-19,2804.489990234375,-0.5981118280752434,-0.36902360190061056,-0.36899307885607624
2018-07-20,2801.830078125,-0.6348215181317318,-0.11402317214042634,-0.3957274741063881
2018-07-23,2806.97998046875,-0.9639226870915802,0.12178667193383891,-0.3957518993923968
2018-07-24,2820.39990234375,-0.439134090305689,0.37011794390589337,-0.5307856107347306
2018-07-25,2846.070068359375,-0.27812796180102817,0.7334018867916171,-0.49836625989233435
2018-07-26,2837.43994140625,-0.19146130817578405,-0.2908009623468687,-0.5600211787988082
2018-07-27,2818.820068359375,-0.43499366385670885,-0.5910965982828371,-0.5186158482134425
2018-07-30,2802.60009765625,-0.6160641316431701,-0.5222613425308891,-0.48327333778372367
2018-07-31,2816.2900390625,0.05905540323220833,0.3788652346622209,-0.47783174955503027
2018-08-01,2813.360107421875,-0.3649619053838068,-0.12181181506189895,-0.5012960546521262
2018-08-02,2827.219970703125,-0.3649305385167691,0.38237981621707934,-0.5255285738819032
2018-08-03,2840.35009765625,-0.8434739176667024,0.35859635861336964,-0.5515192635564876
2018-08-06,2850.39990234375,-1.0156466508367947,0.26534380624055637,-0.5878985076768861
2018-08-07,2858.449951171875,-0.6952654709134348,0.20508195019787998,-0.5897876959176243
2018-08-08,2857.699951171875,-0.9120837115005608,-0.05590309298595856,-0.6425921877806907
2018-08-09,2853.580078125,-0.8199592230107519,-0.15583143519756493,-0.6832889169070921
2018-08-10,2833.280029296875,-0.6114636578109699,-0.6381252725166092,-0.631648297611456
2018-08-13,2821.929931640625,-0.707613560903954,-0.3735286154101775,-0.6176072001125653
2018-08-14,2839.9599609375,-0.903269621862959,0.5055296734235348,-0.6004753757663678
2018-08-15,2818.3701171875,-0.20255472348479406,-0.6797709319205036,-0.5575082716792874
2018-08-16,2840.68994140625,-0.6465840932708801,0.6341576057752677,-0.5311607720176568
2018-08-17,2850.1298828125,-0.8497995691859777,0.24719396240920843,-0.5286566797905922
2018-08-20,2857.050048828125,-1.1430693203663942,0.17162913224661122,-0.5276605453420351
2018-08-21,2862.9599609375,-0.7072162472548094,0.14126245912939922,-0.5371521851999813
2018-08-22,2861.820068359375,-1.2015162492800284,-0.06740180561036659,-0.5881638694392425
2018-08-23,2856.97998046875,-1.1772592054375184,-0.17699555083287705,-0.5934697495799364
2018-08-24,2874.68994140625,-1.3042322832062436,0.4895093015792201,-0.6100420305094009
2018-08-27,2896.739990234375,-1.0302322440093385,0.6132395307924746,-0.6178834702289361
2018-08-28,2897.52001953125,-1.2156104282023146,-0.010891200254818559,-0.6252746581255219
2018-08-29,2914.0400390625,-1.0924954750792297,0.44764629903663333,-0.6176299734398569
2018-08-30,2901.1298828125,-1.0873408532626962,-0.4096066394411082,-0.5993418747747328
2018-08-31,2901.52001953125,-1.007073040513149,-0.02230160456969839,-0.607515802531445
2018-09-04,2896.719970703125,-0.7977514811480401,-0.17386284295845025,-0.6075352021524261
2018-09-05,2888.60009765625,-0.6290395589744439,-0.27134191005812563,-0.6019392788104985
2018-09-06,2878.050048828125,-0.7383426349785821,-0.34346912837234833,-0.5898072964024014
2018-09-07,2871.679931640625,-0.9136415992301012,-0.22128335910857344,-0.5873460871445463
2018-09-10,2877.1298828125,-1.1493949718856693,0.12683819289329967,-0.6308065884703092
2018-09-11,2887.889892578125,-0.9890057250994172,0.28235126555709184,-0.6444296399395714
2018-09-12,2888.919921875,-0.5323250522747807,-0.0034944666643061,-0.6677954275176483
2018-09-13,2904.179931640625,-0.6025763788169468,0.41235091015281905,-0.7216617334448363
2018-09-14,2904.97998046875,-0.7015702111880183,-0.010366132256104268,-0.7627816200617791
2018-09-17,2888.800048828125,-0.9226334344475835,-0.5065564068806748,-0.7273547374313463
2018-09-18,2904.31005859375,-0.7938097115236321,0.41965742937023376,-0.7102632207960683
2018-09-19,2907.949951171875,-0.5729137782216015,0.07235383465697551,-0.7115414643502515
2018-09-20,2930.75,-0.4641125720900669,0.6275368896972044,-0.6722123283936559
2018-09-21,2929.669921875,1.8841679286894844,-0.06489321645237672,-0.677300709376931
2018-09-24,2919.3701171875,-0.4792627688692898,-0.3318610252978247,-0.6825655318744676
2018-09-25,2915.56005859375,-0.5431988995145266,-0.1442523326436186,-0.7247965130439173
2018-09-26,2905.969970703125,-0.4525904762648746,-0.31262695055175205,-0.713230891671187
2018-09-27,2914.0,-0.7831763435978422,0.19994071586565826,-0.7360375462239651
2018-09-28,2913.97998046875,-0.40643935923002994,-0.03426782479900117,-0.7563642027948241
2018-10-01,2924.590087890625,-0.4961381433355878,0.27402263455483267,-0.7454173304964647
2018-10-02,2923.429931640625,-0.436823397767243,-0.06727801539828918,-0.7490207271761812
2018-10-03,2925.510009765625,-0.23514489833699406,0.026532150405039905,-0.7602464261734816
2018-10-04,2901.610107421875,-0.3555309340277964,-0.7281837882956029,-0.7043026225992407
2018-10-05,2885.570068359375,-0.5328060109026925,-0.5030025377390761,-0.6796651088640635
2018-10-08,2884.429931640625,-0.48993795928446343,-0.06714473796772694,-0.6819029802214313
2018-10-09,2880.340087890625,-0.33323954718631726,-0.15381603410096975,-0.6923227197111416
2018-10-10,2785.679931640625,0.7359210270393537,-2.8628343206218245,-0.10086897040092531
2018-10-11,2728.3701171875,1.1121456859122163,-1.7936352601301437,0.00781416020346554
2018-10-12,2767.1298828125,0.18151165214750076,1.1605969572762926,0.10763795364364648
2018-10-15,2750.7900390625,-0.547088391027205,-0.5351041993842668,0.10841651469176773
2018-10-16,2809.919921875,-0.4079240576031491,1.7669223887104972,0.2689140394340357
2018-10-17,2809.2099609375,-0.5262503356918072,-0.05508015279579191,0.2668657558810818
2018-10-18,2768.780029296875,-0.22072659512198484,-1.2610096708414196,0.2814763041837532
2018-10-19,2767.780029296875,-0.26815329808303046,-0.06426960196558691,0.2814875429870751
2018-10-22,2755.8798828125,-0.5427911302430362,-0.39848397774170946,0.2819980003211293
2018-10-23,2740.68994140625,0.5471447655839571,-0.5016277377775467,0.28311357483992144
2018-10-24,2656.10009765625,0.9287331587202713,-2.6879521287141497,0.5008088619420671
2018-10-25,2705.570068359375,0.8505878373069435,1.5286700078641842,0.6206345190907704
2018-10-26,2658.68994140625,0.9973847750435133,-1.513531014479346,0.6605176368909843
2018-10-29,2641.25,0.8896186755242238,-0.5908742423532863,0.6435405347972428
2018-10-30,2682.6298828125,1.333292554150549,1.2824351339661682,0.7381470202574429
2018-10-31,2711.739990234375,1.3414270283356664,0.8800766167066504,0.7842187160008965
2018-11-01,2740.3701171875,0.9199295247050155,0.8554920418968438,0.8224538164816094
2018-11-02,2723.06005859375,0.4295399254371667,-0.5701750992173992,0.823552383804953
2018-11-05,2738.31005859375,-0.20858761757838384,0.4391334890275829,0.8379492207222373
2018-11-06,2755.449951171875,-0.32057778852542085,0.49459603786569734,0.8544507432758239
2018-11-07,2813.889892578125,0.08225642921778158,1.743153158191206,0.7202636272252246
2018-11-08,2806.830078125,-0.18491608858724468,-0.246366704104849,0.6071994796165034
2018-11-09,2781.010009765625,0.18676037456514735,-0.816111098518241,0.5882236230167093
2018-11-12,2726.219970703125,-0.15561943477400617,-1.7183330972676034,0.6775279053264638
2018-11-13,2722.179931640625,0.27436803420152334,-0.15924372481823038,0.5525186909209325
2018-11-14,2701.580078125,0.6259278799603853,-0.676806036544081,0.5607505526352065
2018-11-15,2730.199951171875,0.37070613849673373,0.8585004637208015,0.5522612599394947
2018-11-16,2736.27001953125,0.1532396493241614,0.15433768400445852,0.5543699689947218
2018-11-19,2690.72998046875,-0.045448542115157434,-1.4546071912543823,0.6160757225367461
2018-11-20,2641.889892578125,0.5441230907259892,-1.5845516226552192,0.6818949729455545
2018-11-21,2649.929931640625,-0.6409380572040889,0.22357817681606376,0.44713620472723176
2018-11-23,2632.56005859375,-2.298907003839655,-0.5904688241718845,0.3516713406500746
2018-11-26,2673.449951171875,-0.34178179064292535,1.2712301642386692,0.3422078657598764
2018-11-27,2682.169921875,-0.37224947415890575,0.24201069327387442,0.32943236150965055
2018-11-28,2743.7900390625,0.14024331074819585,1.8893646990705357,0.4053484282808494
2018-11-29,2737.800048828125,-0.26265364072908204,-0.21871777174678736,0.3792938977616862
2018-11-30,2760.169921875,0.8551673998944519,0.6552670218094565,0.36707798614694154
2018-12-03,2790.3701171875,0.38808338283563537,0.8876220843659068,0.381876757152451
2018-12-04,2700.06005859375,0.6956146028958724,-2.8191343959363295,0.6657645977029967
2018-12-06,2695.949951171875,1.390620731473171,-0.1626615130647858,0.6533376593625181
2018-12-07,2633.080078125,0.40968469860228446,-2.0314343041848018,0.6334045364339288
2018-12-10,2637.719970703125,0.32670887966514645,0.1153726403481752,0.6394414081399076
2018-12-11,2636.780029296875,0.11818194759832673,-0.0638610616795068,0.6309692662881203
2018-12-12,2651.070068359375,0.1870426763684869,0.42390907263480504,0.5638458588864822
2018-12-13,2650.5400390625,0.13376082489373192,-0.050614665849168704,0.5641942298956829
2018-12-14,2599.949951171875,0.22371054393559164,-1.6652542769896868,0.6342336259387866
2018-12-17,2545.93994140625,0.8479634760981202,-1.810966287825361,0.673446253091498
2018-12-18,2546.159912109375,0.699253159472249,-0.026371515178235574,0.6685428618297423
2018-12-19,2506.9599609375,1.3617632137984605,-1.3472791095813097,0.6607224254740336
2018-12-20,2467.419921875,1.849988499240706,-1.3796502213783992,0.6444409325242533
2018-12-21,2416.6201171875,3.9809593451828738,-1.7949509753100632,0.7011317331782255
2018-12-24,2351.10009765625,-1.2930865897855042,-2.3607953843633354,0.8173092590052318
2018-12-26,2467.699951171875,0.41752641536171664,4.064295812908008,1.307794036842905
2018-12-27,2488.830078125,0.3017513091254604,0.6881741334283649,1.32652394897949
2018-12-28,2485.739990234375,-0.12752517753054726,-0.13886819326059552,1.1919816042136493
2018-12-31,2506.85009765625,-0.4061884242937281,0.6822812914523729,1.2235943939215919
2019-01-02,2510.030029296875,-0.12259012378327797,0.07364114552825127,1.1993749962449043
2019-01-03,2447.889892578125,0.008805682237767122,-2.1560586546837452,1.2191202534377503
2019-01-04,2531.93994140625,0.40121564450209773,2.824502397274763,1.349669658793284
2019-01-07,2549.68994140625,0.2955929475637197,0.557770939972603,1.3671432904612573
2019-01-08,2574.409912109375,0.28193790477996183,0.7831969107624359,1.306912837565214
2019-01-09,2584.9599609375,0.24919089559257315,0.31255967683890257,1.3103101723677295
2019-01-10,2596.639892578125,-0.13499049188552667,0.3479972777075788,1.3155686039032726
2019-01-11,2596.260009765625,-0.42130725420591325,-0.046073166523425496,1.3084105752766784
2019-01-14,2582.610107421875,-0.1683752940360158,-0.47998084154374754,1.3113068006461377
2019-01-15,2610.300048828125,-0.26058342750459196,0.8692176879759246,1.2699708668741623
2019-01-16,2616.10009765625,0.03321956041546588,0.1542261814762753,1.1808502787061583
2019-01-17,2635.9599609375,-0.050184939037854454,0.6066010071405119,1.1873948118586644
2019-01-18,2670.7099609375,0.16582821862863648,1.07514418528423,1.1469004294719929
2019-01-22,2632.89990234375,0.07689269495432999,-1.2408585961312915,1.1351748169286542
2019-01-23,2638.699951171875,-0.5140381687917849,0.15261498363235268,1.0136459208167912
2019-01-24,2642.330078125,-0.41945660905068727,0.08270750886092497,0.7849925646844936
2019-01-25,2664.760009765625,-0.030747937096808637,0.6819631123648114,0.2892908033883744
2019-01-28,2643.85009765625,-0.22959296287131611,-0.7006461774891709,0.3202002245513278
2019-01-29,2640.0,-0.3474801048214461,-0.15706695136829987,0.3207634900611493
2019-01-30,2681.050048828125,0.03435922325117002,1.2726384606555146,0.3569871539505067
2019-01-31,2704.10009765625,1.153664962247823,0.6910882373159656,0.362846008750824
2019-02-01,2706.530029296875,-0.07101253875090624,0.04235913051346455,0.08955689322686078
2019-02-04,2724.8701171875,-0.5028715641263535,0.5380786456805668,-0.26107499517984334
2019-02-05,2737.699951171875,-0.26430562905973576,0.36400960438301255,-0.26601149781691386
2019-02-06,2731.610107421875,-0.38039440396636925,-0.22222463277101262,-0.2712195621420627
2019-02-07,2706.050048828125,0.27564362012772425,-0.8296240085804065,-0.2040340282016761
2019-02-08,2707.8798828125,-0.2100514047068112,0.023544022708280283,-0.20542846627600203
2019-02-11,2709.800048828125,-0.47581241349513964,0.026327693755685135,-0.20686377922456173
2019-02-12,2744.72998046875,-0.007724656691115848,1.0506713619665309,-0.18761149304965602
2019-02-13,2753.030029296875,-0.17303850160229145,0.2219494445351011,-0.21533992926592815
2019-02-14,2745.72998046875,-0.005246674195135289,-0.2584815751167038,-0.2030233309332064
2019-02-15,2775.60009765625,-0.2109192213615217,0.8823731909710382,-0.18336556735789222
2019-02-19,2779.760009765625,-0.3294964343864817,0.09310767498870358,-0.2366101223278977
2019-02-20,2784.699951171875,0.056901545028950964,0.1166366948671995,-0.3772416987474535
2019-02-21,2774.8798828125,-0.26363646922959755,-0.3327742913744226,-0.35652794870912485
2019-02-22,2792.669921875,-0.4402423862743554,0.5073676059084277,-0.3498710803215063
2019-02-25,2796.110107421875,0.010300836233232184,0.07054342583884654,-0.36739899833259815
2019-02-26,2793.89990234375,-0.18214534866557866,-0.10063549533376193,-0.42248056907943
2019-02-27,2792.3798828125,-0.08220005466102943,-0.0797598290542483,-0.4265075882415363
2019-02-28,2784.489990234375,0.6224984358309271,-0.2732421649803458,-0.5158652008291833
2019-03-01,2803.68994140625,0.15112761361028768,0.5480922599509507,-0.5290449123265053
2019-03-04,2792.81005859375,0.10384728936208476,-0.36286691909346436,-0.5088747146490723
2019-03-05,2789.64990234375,-0.22900744801994516,-0.1295399342414166,-0.5238358316807784
2019-03-06,2771.449951171875,-0.05251654282099228,-0.5878488186648049,-0.4971099010936942
2019-03-07,2748.929931640625,0.0854663052779758,-0.7244480724950738,-0.45525922110342776
2019-03-08,2743.070068359375,-0.44552247555903973,-0.2143550270203821,-0.5126436282466301
2019-03-11,2783.300048828125,-0.08945625656909066,1.1989749307874082,-0.4014051620773246
2019-03-12,2791.52001953125,-0.4371161551929285,0.21598355834541733,-0.4003926676486826
2019-03-13,2810.919921875,-0.07126347368720808,0.5526547897194453,-0.45926175782859385
2019-03-14,2808.47998046875,-0.3604450765303739,-0.10720789323348592,-0.45917292106947016
2019-03-15,2822.47998046875,2.2159352813475395,0.38730467676414365,-0.45944334510629153
2019-03-18,2832.93994140625,-0.2401008633289552,0.2794922733809644,-0.5140299888757353
2019-03-19,2832.570068359375,-0.20876536315826433,-0.04474069317434013,-0.5133921738632388
2019-03-20,2824.22998046875,-0.07449426099209412,-0.2833331337919695,-0.5047019285019596
2019-03-21,2854.8798828125,-0.24862219554087145,0.8801728570931924,-0.45848710089629147
2019-03-22,2800.7099609375,0.4216982086777345,-1.655570032213746,-0.26123287685594576
2019-03-25,2798.360107421875,-0.4645412526062492,-0.10475040856294303,-0.2614407130997655
2019-03-26,2818.4599609375,-0.5874366376600698,0.5722549119836181,-0.23908933275647654
2019-03-27,2805.3701171875,-0.4475090438047626,-0.42780685437527655,-0.22776402078737154
2019-03-28,2815.43994140625,-0.695244559668743,0.26966774550000455,-0.22785741632136441
2019-03-29,2834.39990234375,-0.1023480389215971,0.534550288423342,-0.22879002789781241
2019-04-01,2867.18994140625,-0.3035455797239342,0.9401298499837868,-0.1882419145339879
2019-04-02,2867.239990234375,-0.6097698469909326,-0.03220832620587239,-0.19020452069906188
2019-04-03,2873.39990234375,-0.2931840579791379,0.14800780817589929,-0.22025586527585303
2019-04-04,2879.389892578125,-0.8486494507279276,0.1426226025232428,-0.2698838346312524
2019-04-05,2892.739990234375,-0.7260781899668302,0.35794322700302184,-0.2781015411149466
2019-04-08,2895.77001953125,-0.830122087930976,0.054949028942710094,-0.35407385031635924
2019-04-09,2878.199951171875,-0.855194670316467,-0.5489461843716059,-0.32251529696816966
2019-04-10,2888.2099609375,-0.7927223267996576,0.26025172936597574,-0.33601091713114595
2019-04-11,2888.320068359375,-0.9198417832812257,-0.030458604003179488,-0.3377174961397724
2019-04-12,2907.409912109375,-0.13002407127121965,0.524041207949862,-0.3303890547979043
2019-04-15,2905.580078125,-0.7694062889682793,-0.08698753501327407,-0.3311137009867658
2019-04-16,2907.06005859375,-0.46766748368767613,0.009426873205546136,-0.3318427370765966
2019-04-17,2900.449951171875,-0.21152564745758443,-0.2264142143529658,-0.3346018158959875
2019-04-18,2905.030029296875,-0.3589499225349088,0.09989984567140166,-0.3850972432759027
2019-04-22,2907.969970703125,-0.8785629862595749,0.05195143900995749,-0.6668466900407761
2019-04-23,2933.679931640625,-0.18394371570907508,0.7115516032902495,-0.6374737598929575
2019-04-24,2927.25,-0.3993295360348114,-0.21945214774620772,-0.6427787761639434
2019-04-25,2926.169921875,-0.4290966928536159,-0.06493053639561522,-0.6748143616455544
2019-04-26,2939.8798828125,-0.6127183324924791,0.36206064116936487,-0.6711172089648281
2019-04-29,2943.030029296875,-0.7319124272358477,0.05698406441926704,-0.6892843443045367
2019-04-30,2945.830078125,0.09342303388321296,0.04682581661129226,-0.7828255674031671
2019-05-01,2923.72998046875,-0.1893283612172185,-0.6712400073643067,-0.7098339609669202
2019-05-02,2917.52001953125,-0.05031040650600537,-0.21370146866184667,-0.7031875342565566
2019-05-03,2945.639892578125,-0.5157006127447845,0.7784168221297667,-0.6409140474855345
2019-05-06,2932.469970703125,-0.676633551893024,-0.41306439331234973,-0.6288051082871744
2019-05-07,2884.050048828125,-0.05996094593127987,-1.4432899560190051,-0.43665263429812184
2019-05-08,2879.419921875,-0.3212992264672886,-0.16971630800100193,-0.45682770720582994
2019-05-09,2870.719970703125,-0.2000767409888135,-0.2898777842826431,-0.4597089388751989
2019-05-10,2881.39990234375,-0.29655076837452077,0.280702730253606,-0.4504066000893034
2019-05-13,2811.8701171875,0.05213378123921622,-2.1017163195466853,-0.19361093527381854
2019-05-14,2834.409912109375,-0.5181263171290356,0.6422660797884857,-0.15447402358494008
2019-05-15,2850.9599609375,-0.7418348128421158,0.45922418877670873,-0.13492901233362392
2019-05-16,2876.320068359375,-0.5352630821539812,0.7160900694254609,-0.09771148098346319
2019-05-17,2859.530029296875,-0.5587150430758563,-0.5293432622255998,-0.08834220267341816
2019-05-20,2840.22998046875,-0.5820206252848887,-0.6070491751958085,-0.07633188974692112
2019-05-21,2864.360107421875,-0.6559418752704691,0.6825626477881834,-0.0790559342201502
2019-05-22,2856.27001953125,-0.6863154581853362,-0.2731477452878675,-0.07838735217528671
2019-05-23,2822.239990234375,0.051140497116354815,-1.0484367191903794,-0.035315699720521516
2019-05-24,2826.06005859375,-1.004971460421621,0.08083336913275868,-0.04811241534414733
2019-05-28,2802.389892578125,0.3100844401351503,-0.7457865623627237,-0.03723967179236798
2019-05-29,2783.02001953125,-0.156100393401918,-0.6209045410325276,-0.03510050543638151
2019-05-30,2788.860107421875,-0.6005479880818404,0.1437915879155516,-0.0359659353846644
2019-05-31,2752.06005859375,0.13828810936951075,-1.1582886999025015,0.007401858894807278
2019-06-03,2744.449951171875,0.10659711803905897,-0.2681253622737512,-0.05612590473319816
2019-06-04,2803.27001953125,-0.03793094964844848,1.76168163787608,0.15466672108946158
2019-06-05,2826.14990234375,-0.29238943068084877,0.6545202273555679,0.1101456798344182
2019-06-06,2843.489990234375,-0.4237329585901643,0.4841869098712262,0.1265667770221285
2019-06-07,2873.340087890625,-0.633640032806644,0.8504529029892254,0.16307734601390242
2019-06-10,2886.72998046875,-0.669701474277686,0.35993302660340654,0.1656486440611739
2019-06-11,2885.719970703125,-0.31304974043636596,-0.06331343981904528,-0.06364398150011515
2019-06-12,2879.840087890625,-0.8474679654028399,-0.20637072610118634,-0.07920574033723478
2019-06-13,2891.639892578125,-0.7839291484067477,0.31250372866665166,-0.08513213789091191
2019-06-14,2886.97998046875,-0.8966721241626902,-0.17023245022970604,-0.11257456111384774
2019-06-17,2889.669921875,-1.0685730111517888,0.04516224112298198,-0.12866635021023928
2019-06-18,2917.75,-0.4274969826346917,0.7850512322518163,-0.12152315238940359
2019-06-19,2926.4599609375,-0.5752558376270852,0.21867171436338298,-0.14255545687477308
2019-06-20,2954.179931640625,0.09687338925736311,0.76448780318608,-0.1225141251593042
2019-06-21,2950.4599609375,1.205671227796377,-0.1403635511179509,-0.20307595621308538
2019-06-24,2945.35009765625,-0.7459543280464043,-0.18044089239609756,-0.1965357618737418
2019-06-25,2917.3798828125,-0.2833244061069452,-0.8415262085396872,-0.18532675964436912
2019-06-26,2913.780029296875,-0.3545062830378973,-0.13821982065462426,-0.21766559110837766
2019-06-27,2924.919921875,-0.7192506685749512,0.2893800372729269,-0.21668516339590704
2019-06-28,2941.760009765625,1.6438768159357915,0.45236200227898626,-0.3407952951246502
2019-07-01,2964.330078125,-0.3403807372485735,0.6133984614228031,-0.35357826870702636
2019-07-02,2973.010009765625,-0.6544362656526581,0.21385694261585955,-0.5441718107601171
2019-07-03,2995.820068359375,-1.9728065984930827,0.6134049847219294,-0.5474872333680293
2019-07-05,2990.409912109375,-1.480231774154939,-0.18671832990769827,-0.5413644527201108
2019-07-08,2975.949951171875,-0.9703319835896228,-0.44406476195248973,-0.5553371520316049
2019-07-09,2979.6298828125,-0.8543059424170647,0.07094037981855857,-0.5614361557180116
2019-07-10,2993.070068359375,-0.7241648110775287,0.3473458396946311,-0.5589090821446856
2019-07-11,2999.909912109375,-0.7263500361478239,0.15956836730347013,-0.5700057931696652
2019-07-12,3013.77001953125,-0.9057371487365937,0.35657309055169994,-0.568302537372522
2019-07-15,3014.300048828125,-1.0186996925618004,-0.018797783899149222,-0.5755585479058292
2019-07-16,3004.0400390625,-0.5785911811554304,-0.3223535050118037,-0.555312215236641
2019-07-17,2984.419921875,-0.6950459028441707,-0.5884577068043654,-0.5558494443876646
2019-07-18,2995.110107421875,-0.5024847060995549,0.2690364093036678,-0.5540777494420485
2019-07-19,2976.610107421875,-0.5902387444487736,-0.5582518051057473,-0.57279052751919
2019-07-22,2985.030029296875,-0.8722164234956077,0.2054629308067278,-0.5710231668128685
2019-07-23,3005.469970703125,-0.5401354021671751,0.5440697747887788,-0.5499551880036826
2019-07-24,3019.56005859375,-0.43619606042648845,0.36230129630979124,-0.6295269796609118
2019-07-25,3003.669921875,-0.2021678654579954,-0.4803958532002721,-0.5993002544229474
2019-07-26,3025.860107421875,-0.6171306051224529,0.5894824780834269,-0.5785387566183487
2019-07-29,3020.969970703125,-0.6544362656526581,-0.1706227610210762,-0.5844166784542315
2019-07-30,3013.179931640625,-0.22755411651386376,-0.25228606920040453,-0.606581162032609
2019-07-31,2980.3798828125,0.8112746972863236,-0.9603456024877409,-0.5188027355940301
2019-08-01,2953.56005859375,0.9863854603356165,-0.7990041335530738,-0.5099192461189048
2019-08-02,2932.050048828125,0.03387826462325818,-0.6525245237718245,-0.4837286447718693
2019-08-05,2844.739990234375,0.7239911619426709,-2.5930789243571875,-0.08388066363517405
2019-08-06,2881.77001953125,0.3201845713212989,1.0612687764782749,-0.0007220137567699219
2019-08-07,2883.97998046875,0.6924883718144454,0.031215361954526163,-0.013246210658431613
2019-08-08,2938.090087890625,0.28033819456103765,1.5400779465968188,0.12715954434841853
2019-08-09,2918.64990234375,-0.5160456482821996,-0.5957326430964502,0.12478009250422441
2019-08-12,2882.699951171875,-0.5456141482764317,-1.082989318450377,0.16054196759604816
2019-08-13,2926.320068359375,0.007090960173037958,1.2378194465876153,0.25109762990764606
2019-08-14,2840.60009765625,0.4963722634722204,-2.5507615958672907,0.47134626132156454
2019-08-15,2847.60009765625,0.20002855932210653,0.17469071613389245,0.4679835049986044
2019-08-16,2888.679931640625,-0.3411962757915544,1.1789539293498699,0.5349267210280108
2019-08-19,2923.64990234375,-0.658032999739651,0.9850844742520705,0.5766161681784114
2019-08-20,2900.510009765625,-0.8183595127918277,-0.7064405013695071,0.5701680591500471
2019-08-21,2924.429931640625,-0.8718609323358468,0.661653344763426,0.5849558088557993
2019-08-22,2922.949951171875,-1.000339619722383,-0.07654308399873345,0.5815086624848299
2019-08-23,2847.110107421875,0.09630878565068399,-2.2593946194448087,0.7027660609330268
2019-08-26,2878.3798828125,-1.0357528126079787,0.8911026797545035,0.7467649872922555
2019-08-27,2869.159912109375,-0.32717528622568975,-0.3053138976521172,0.7469009305673006
2019-08-28,2887.93994140625,-0.7820053138951003,0.518671268657996,0.7452717404197791
2019-08-29,2924.580078125,-0.7039331818381939,1.0337072992224765,0.773748994373145
2019-08-30,2926.4599609375,-0.8787930099511848,0.020716955836765673,0.7625165789690711
2019-09-03,2906.27001953125,-0.4418316408709337,-0.6198123113456607,0.5432686341462547
2019-09-04,2937.780029296875,-0.7136046325081601,0.8793016514628842,0.5310104945207159
2019-09-05,2976.0,0.054569941245813144,1.0606667352920636,0.5664652520948255
2019-09-06,2978.7099609375,-0.670276533506711,0.04337375637672165,0.4857903303015007
2019-09-09,2978.429931640625,0.18894559963544244,-0.04164578531589084,0.47077011537626
2019-09-10,2979.389892578125,0.5673554835786002,-0.006403159116562183,0.41874672840008414
2019-09-11,3000.929931640625,0.08778745343876772,0.5762018713022904,0.37560440093708586
2019-09-12,3009.570068359375,-0.05585188634933742,0.2097227398020805,0.04926780921677735
2019-09-13,3007.389892578125,-0.30676591140647436,-0.09503984851845415,0.05376793758973098
2019-09-16,2997.9599609375,0.45529212327514185,-0.2995729608086126,0.011218808403935483
2019-09-17,3005.699951171875,-0.18522975725762197,0.18461231838056452,-0.02987005651920028
2019-09-18,3006.72998046875,-0.40945057846565186,-0.0046776445043638015,-0.06515510082041932
2019-09-19,3006.7900390625,-0.6113904684545486,-0.03199506166040917,-0.08184305609277345
2019-09-20,2992.070068359375,2.3556851296229664,-0.4491806460698684,-0.06766547416052125
2019-09-23,2991.780029296875,-0.6933730032688252,-0.04189350551936186,-0.4458971395951674
2019-09-24,2966.60009765625,0.023412186655002738,-0.7492610642536872,-0.42849352499522597
2019-09-25,2984.8701171875,-0.5428643195994575,0.4861210105711196,-0.431538026929194
2019-09-26,2977.6201171875,-0.8003758423568633,-0.23957686325807764,-0.4346322828219009
2019-09-27,2961.7900390625,-0.6314443521140031,-0.4849878397019914,-0.49083002031294326
2019-09-30,2976.739990234375,-0.628673612192337,0.39258690026302606,-0.4792056893388028
2019-10-01,2940.25,-0.3028555086491042,-1.0779364175572383,-0.41216196917381176
2019-10-02,2887.610107421875,0.06667755192237639,-1.5631663556151538,-0.30358784233838626
2019-10-03,2910.6298828125,-0.35055405779114346,0.6385677457409231,-0.3630880461916177
2019-10-04,2952.010009765625,-0.8832993831822719,1.161490142786174,-0.25187102023204977
2019-10-07,2938.7900390625,-0.9319703052024807,-0.4136857458346087,-0.24462000630353284
2019-10-08,2893.06005859375,-0.5015646113331148,-1.36147720883625,-0.14886950717124833
2019-10-09,2919.39990234375,-1.165862577080477,0.7336441466694434,-0.13361628561331612
2019-10-10,2938.1298828125,-0.6440747439078618,0.5077539861267741,-0.1159878653140598
2019-10-11,2970.27001953125,-0.28134829348356827,0.8874170191830311,-0.059184249140122595
2019-10-14,2966.14990234375,-1.349965175347252,-0.1512060143813059,-0.061544008203332695
2019-10-15,2995.679931640625,-0.5283414601609892,0.805028072558448,-0.023570653977959103
2019-10-16,2989.68994140625,-0.6483406378249928,-0.20314392327491004,-0.022476168528607572
2019-10-17,2997.949951171875,-0.7809702072828553,0.19990225673533377,-0.01908325617692231
2019-10-18,2986.199951171875,-0.6079296574580525,-0.36616357272860406,-0.022332748401281126
2019-10-21,3006.719970703125,-0.6048034263766255,0.5460990711260088,-0.004752204165091865
2019-10-22,2995.989990234375,-0.33757863045986974,-0.3363623244026538,-0.02869909368274463
2019-10-23,3004.52001953125,-0.45670999146916297,0.2070208795432796,-0.03919643283504275
2019-10-24,3010.2900390625,-0.1609099796810364,0.1287495934926102,-0.0415634293723661
2019-10-25,3022.550048828125,-0.49282371105193445,0.31042261606021937,-0.05203978762002918
2019-10-28,3039.419921875,-0.3402657254027685,0.4375355688370978,-0.050244013703359
2019-10-29,3036.889892578125,-0.2676409725880809,-0.10418986201843211,-0.12462519348574626
2019-10-30,3046.77001953125,-0.07397147987479864,0.24130841268630598,-0.31308513830215795
2019-10-31,3037.56005859375,0.3125206001417472,-0.2899996973905269,-0.31362300604340776
2019-11-01,3066.909912109375,0.11070617762100142,0.7804320740361167,-0.36011833198042276
2019-11-04,3078.27001953125,0.34255960314154527,0.2793355618017158,-0.38255281518019296
2019-11-05,3074.6201171875,0.6693500795629477,-0.13413116948882675,-0.5856916642769122
2019-11-06,3076.780029296875,0.6431273787194066,0.025768812144163957,-0.6112853005430038
2019-11-07,3085.179931640625,0.31532270693045095,0.19713827099183784,-0.6227434240809526
2019-11-08,3093.080078125,-0.3578416265662424,0.18283250322909148,-0.6839586328212589
2019-11-11,3087.010009765625,-0.8461610126096012,-0.1999987474145154,-0.6802849255729606
2019-11-12,3091.840087890625,-0.37101571072208844,0.09867869986574862,-0.740382550419103
2019-11-13,3094.0400390625,-0.3520283005419167,0.026533406252288536,-0.7526102501595792
2019-11-14,3096.6298828125,-0.5942118809402192,0.03715114305076416,-0.7531102800137974
2019-11-15,3120.4599609375,-0.5129612396901563,0.6153465824864962,-0.7540270891460704
2019-11-18,3122.030029296875,-0.42896076976311903,0.008901790038323977,-0.7752464171533614
2019-11-19,3120.179931640625,-0.24752435519455096,-0.08387216029457467,-0.8012490336222908
2019-11-20,3108.4599609375,0.19928621013554695,-0.3522965997785119,-0.7683561801890775
2019-11-21,3103.5400390625,-0.11124577353796612,-0.16779365911592278,-0.7580341503621003
2019-11-22,3110.2900390625,-0.6431651047637676,0.15025151956415425,-0.7643327477862573
2019-11-25,3133.639892578125,-0.35141141882350807,0.5995333989358808,-0.7450219515379951
2019-11-26,3140.52001953125,0.7842155466551098,0.15199471565773784,-0.7505209324579665
2019-11-27,3153.6298828125,-0.85206843923504,0.31899954536512826,-0.746884450358854
2019-11-29,3140.97998046875,-2.2029871244382813,-0.3739729771608377,-0.7368016492997069
2019-12-02,3113.8701171875,-0.5903851231616163,-0.767590263869731,-0.7113071711751104
2019-12-03,3093.199951171875,-0.18697584618938887,-0.5975640942605162,-0.6750625332907658
2019-12-04,3112.760009765625,-0.15414519202323293,0.5000034835393191,-0.6485038455508967
2019-12-05,3117.429931640625,-0.5122502573706343,0.09323514434368856,-0.6479024502403139
2019-12-06,3145.909912109375,-0.3838238480958276,0.7362644406969582,-0.5974439495504498
2019-12-09,3135.9599609375,-0.4704382236093422,-0.30188603240879497,-0.5878102975815112
2019-12-10,3132.52001953125,-0.5270658742347882,-0.1266074177571434,-0.5906703687264973
2019-12-11,3141.6298828125,-0.619765421953622,0.21217131387992721,-0.5877724226035606
2019-12-12,3168.570068359375,0.15975350204566302,0.6892272123627737,-0.5473353552477878
2019-12-13,3168.800048828125,-0.09698430465814552,-0.02754137019765658,-0.5465804127327204
2019-12-16,3191.449951171875,0.22980617176325688,0.5693177657044134,-0.5512848498577019
2019-12-17,3192.52001953125,-0.007808301669883124,-0.005303922003247303,-0.5511215015760774
2019-12-18,3191.139892578125,0.18772229182097103,-0.0702941294194517,-0.5514850378455206
2019-12-19,3205.3701171875,-0.06905733737222115,0.34301376852735843,-0.5628330029633198
2019-12-20,3221.219970703125,2.7258559831575475,0.3839246050760897,-0.5630505514493341
2019-12-23,3224.010009765625,-0.821684400697827,0.03961282716215551,-0.5624801777203274
2019-12-24,3223.3798828125,-2.670238431454632,-0.050235118577782505,-0.5849535032634365
2019-12-26,3239.909912109375,-1.762679956207339,0.3993728648703824,-0.575752297767967
2019-12-27,3240.02001953125,-1.4860137333122267,-0.030808958518773875,-0.5796064488959035
2019-12-30,3221.2900390625,-0.8664449199606656,-0.5245308967280395,-0.5637778402665511
2019-12-31,3230.780029296875,-0.999189501264333,0.21536762437077178,-0.6408714911304894
2020-01-02,3257.85009765625,-0.4082690931405641,0.6727371338122775,-0.6750160183580617
2020-01-03,3234.85009765625,-0.3823705165897462,-0.6335193332378607,-0.6175673179215655
2020-01-06,3246.280029296875,-0.15468888438522022,0.2649342502842228,-0.6158847621512171
2020-01-07,3237.179931640625,-0.4333834980154388,-0.27135141635670607,-0.6423844217409587
2020-01-08,3253.050048828125,-0.1291980771058928,0.38035838253504073,-0.6524566323696893
2020-01-09,3274.699951171875,-0.2187086600092243,0.527904887933326,-0.643144232295037
2020-01-10,3265.35009765625,-0.6647977873974544,-0.27576131771366924,-0.6243913428569173
2020-01-13,3288.1298828125,-0.4088336967472432,0.5548939095210432,-0.639060776279514
2020-01-14,3283.14990234375,-0.17020502794654996,-0.16200900500107307,-0.6326594661764819
2020-01-15,3289.2900390625,-0.13479183506095438,0.12450334559885741,-0.6568855154616788
2020-01-16,3316.81005859375,-0.32394449892080374,0.671708646798704,-0.6232672764832445
2020-01-17,3329.6201171875,-0.12984632569133917,0.29266815177798455,-0.6253108805183362
2020-01-21,3320.7900390625,0.2660244475694875,-0.25851010551822673,-0.6137753891779381
2020-01-22,3321.75,-0.2369537210028364,-0.009215521896638434,-0.6206318970075997
2020-01-23,3325.5400390625,-0.08751151081275148,0.06285782176402736,-0.6208619062503291
2020-01-24,3295.469970703125,-0.1480809310626054,-0.8027091651633229,-0.5436390638341211
2020-01-27,3243.6298828125,-0.020240036639169557,-1.376089518171642,-0.38993391657707555
2020-01-28,3276.239990234375,-0.3333650146544682,0.8132351925161193,-0.3390399097767627
2020-01-29,3273.39990234375,-0.26155580038276155,-0.10711059896484489,-0.36009830085108246
2020-01-30,3283.659912109375,-0.06279441958702135,0.23126457359941335,-0.35964741081409063
2020-01-31,3225.52001953125,0.7102420185577999,-1.5461523283279144,-0.2305644260201961
2020-02-03,3248.919921875,-0.09404627477894494,0.5782975835055394,-0.2277201772578588
2020-02-04,3297.590087890625,0.15316645996774003,1.2252020169390687,-0.13957517157080626
2020-02-05,3334.68994140625,0.283422603153081,0.9135102211290728,-0.10352666738930702
2020-02-06,3345.780029296875,0.03852056094484201,0.24740974270215108,-0.10699630166989227
2020-02-07,3327.7099609375,-0.12179549648498883,-0.49218054765943986,-0.1020442718284002
2020-02-10,3352.090087890625,-0.4053415188837094,0.5843310729367934,-0.09230115010186406
2020-02-11,3357.75,-0.09145328043715938,0.10914525648899467,-0.10595542821172667
2020-02-12,3379.449951171875,0.08416980810708302,0.5117035966798937,-0.09794033348693323
2020-02-13,3373.93994140625,-0.36544286401171866,-0.17183805725213108,-0.09436644479045615
2020-02-14,3380.159912109375,-0.45033206183815816,0.12225009916140714,-0.11580494369858445
2020-02-18,3370.2900390625,-0.10456463085892993,-0.28126033832132563,-0.11403743571093551
2020-02-19,3386.14990234375,-0.24697020721021776,0.3637876037510999,-0.11263042318153518
2020-02-20,3373.22998046875,0.17646158655442645,-0.3573392425513511,-0.10359742306706786
2020-02-21,3337.75,0.06103151585558523,-0.9289017750957106,-0.05425387137613215
2020-02-24,3225.889892578125,1.0463484544894077,-2.919701972745015,0.30875735572097956
2020-02-25,3128.2099609375,1.8259196566004223,-2.636911093551827,0.49438166883062185
2020-02-26,3116.389892578125,1.7087016744804306,-0.3541965249283494,0.4547770390624497
2020-02-27,2978.760009765625,3.360752738868212,-3.8577782708325534,0.876214793834441
2020-02-28,2954.219970703125,4.934177523214753,-0.7340617787741722,0.8639688089624786
2020-03-02,3090.22998046875,2.6462364189934466,3.777091099451339,1.3001314699771431
2020-03-03,3003.3701171875,2.641196809022718,-2.4474833523292148,1.3978430699849846
2020-03-04,3130.1201171875,1.2783168918557566,3.465993459299333,1.6759516532348395
2020-03-05,3023.93994140625,1.8076536843621185,-2.955489485950123,1.7890392790641245
2020-03-06,2972.3701171875,2.828070147211159,-1.4899781090432072,1.7986982348211655
2020-03-09,2746.56005859375,4.800052799761426,-6.722983543330483,2.4940847943120508
2020-03-10,2882.22998046875,3.964387183764607,4.048368472963673,2.846754456852329
2020-03-11,2741.3798828125,3.7439408422234504,-4.275571978664201,3.0234725035160115
2020-03-12,2480.639892578125,5.2282314460711135,-8.495366266089642,3.747241108599661
2020-03-13,2711.02001953125,4.651352938757901,7.485143570110037,4.623888853519096
2020-03-16,2386.1298828125,4.135242508519115,-10.841166820487322,5.547156631303712
2020-03-17,2529.18994140625,4.725776058616085,4.895956709614356,5.900828884471098
2020-03-18,2398.10009765625,5.174374535367334,-4.539669538245112,5.964031020069663
2020-03-19,2409.389892578125,4.292756459160242,0.3639580047835719,5.983122935718679
2020-03-20,2304.919921875,5.44062695840592,-3.7866175655495784,6.025285156976393
2020-03-23,2237.39990234375,3.7232177987338577,-2.5508588365464457,6.017789525104533
2020-03-24,2447.330078125,3.8819027790777265,7.559209356597762,6.674860692935672
2020-03-25,2475.56005859375,4.652335767258417,0.9373185905406652,6.702853857393179
2020-03-26,2630.070068359375,4.095030184976746,5.092165910610939,6.904059158505493
2020-03-27,2541.469970703125,2.458390707926836,-2.9349216000917853,6.946437906938913
2020-03-30,2626.64990234375,1.987312643131882,2.7573804629456724,6.882499314778381
2020-03-31,2584.590087890625,2.8499955872705316,-1.4003505553060864,6.862044327513906
2020-04-01,2470.5,2.209891931631604,-3.855934840200558,6.785027739420735
2020-04-02,2526.89990234375,2.732871705751653,1.8773937686124484,6.814156564580399
2020-04-03,2488.64990234375,2.348920341965163,-1.325046616593172,6.8125242481896
2020-04-06,2663.679931640625,2.6697720248940886,5.72074263829222,6.80721271421269
2020-04-07,2659.409912109375,3.3458011989135614,-0.16951511867174682,6.65647452228049
2020-04-08,2749.97998046875,2.117579241939569,2.8016408952672704,6.5938293116152575
2020-04-09,2789.820068359375,4.233629914794124,1.1840686312853363,5.9491229545387485
2020-04-13,2761.6298828125,1.5360584383047724,-0.8935336197514634,5.475989194731443
2020-04-14,2846.06005859375,1.8457539721906127,2.515917562819309,4.185703251531581
2020-04-15,2783.360107421875,1.4194468822808435,-1.919712126028696,4.029912624644409
2020-04-16,2799.550048828125,1.441205032382681,0.45734834314341766,3.709160258508168
2020-04-17,2874.56005859375,2.04344887950707,2.2048954304613595,3.7387305930527575
2020-04-20,2823.159912109375,1.4410168311804548,-1.5612564681371526,3.5356466890034643
2020-04-21,2736.56005859375,1.3284934234937764,-2.6713869865330016,3.5468345989618117
2020-04-22,2799.31005859375,1.290759082447389,1.885745273798493,2.8803219864402685
2020-04-23,2797.800048828125,2.010743692809065,-0.07936785604779979,2.8828993976008843
2020-04-24,2836.739990234375,1.6022216165096879,1.1365402630995443,2.528842972884563
2020-04-27,2878.47998046875,1.4151914439860582,1.2029822754767665,2.34585424723237
2020-04-28,2863.389892578125,1.9246207315458084,-0.4786918909682585,2.2598723108606693
2020-04-29,2939.510009765625,2.9225889732181813,2.187604777073652,2.2561927825305603
2020-04-30,2912.429931640625,2.817342678684256,-0.8172589156401502,1.9097835229055051
2020-05-01,2830.7099609375,0.9508363443595241,-2.443226987770145,2.0553734211196697
2020-05-04,2842.739990234375,0.9258683181974922,0.32535666896602305,1.990611230102213
2020-05-05,2868.43994140625,1.34865186337669,0.7282797563850721,1.3647547554416748
2020-05-06,2848.419921875,1.089645186623819,-0.6266591381280086,1.37989774826242
2020-05-07,2881.18994140625,1.3889060094084416,0.934775750877962,1.2216925423060006
2020-05-08,2929.800048828125,1.0723515872636846,1.3828013396325847,1.2333569726661295
2020-05-11,2930.18994140625,1.013486433456214,-0.022420057303203986,1.2032813450873439
2020-05-12,2870.1201171875,1.327050547610041,-1.7873520268495517,1.1442671758915197
2020-05-13,2820.0,2.4060916849525964,-1.5252026060005888,1.1066760024322122
2020-05-14,2852.5,1.8827668752951325,0.9364658076450785,1.1242106851365303
2020-05-15,2863.699951171875,1.7328018839877521,0.2980825476364393,0.9889002062275561
2020-05-18,2953.909912109375,2.6382274122764797,2.5921696678865067,1.0979990806743716
2020-05-19,2922.93994140625,1.185585977269885,-0.9260180078072963,0.8949943482815914
2020-05-20,2971.610107421875,1.2075950623080245,1.3644459179217758,0.8502685685487277
2020-05-21,2948.510009765625,1.1775246924411886,-0.6943973736109523,0.8727649118630588
2020-05-22,2955.449951171875,0.1259400193789916,0.16535309410785567,0.8434391944449339
2020-05-26,2991.77001953125,2.089129493536349,1.0004178331035403,0.8311673075073032
2020-05-27,3036.1298828125,2.6636659414440778,1.212428969241827,0.8517730503009782
2020-05-28,3029.72998046875,1.669357167592773,-0.2123379357316202,0.7233497623315713
2020-05-29,3044.31005859375,3.6042014495703696,0.3727657663245298,0.6958171548903721
2020-06-01,3055.72998046875,0.8717500169350644,0.2833122629474225,0.43979494833166105
2020-06-02,3080.820068359375,1.4081025320355316,0.6586332054410937,0.44479965412832684
2020-06-03,3122.8701171875,2.2533454981012038,1.1140689001758732,0.4627763190387628
2020-06-04,3112.35009765625,2.7193839529254293,-0.31937373354268106,0.4436682022159182
2020-06-05,3193.929931640625,5.007084577832781,2.1568980720156876,0.5513833600838226
2020-06-08,3232.389892578125,4.859660302755456,0.9797067205531677,0.5280837947438598
2020-06-09,3207.179931640625,2.6771850611373385,-0.6965795843796353,0.5637752456118923
2020-06-10,3190.139892578125,2.8736880275063625,-0.4847102413276991,0.4146505648208251
2020-06-11,3002.10009765625,3.3321147892627656,-5.177221238853764,1.2560696182799889
2020-06-12,3041.31005859375,2.0858150612526956,1.0649315471774567,1.2611871506379926
2020-06-15,3066.590087890625,1.9939624189438803,0.6671464187920138,1.2657016572518986
2020-06-16,3124.739990234375,2.086316931125299,1.556705043406932,1.1646523624186165
2020-06-17,3113.489990234375,0.7423930572714716,-0.3390501340651484,1.1374882217765514
2020-06-18,3115.340087890625,0.6255410219335867,0.016607613837353354,1.1010633928829943
2020-06-19,3097.739990234375,4.701100789879739,-0.5133483300468512,1.0932631994064537
2020-06-22,3117.860107421875,0.8743848337662335,0.5144331638324939,1.0962920041231787
2020-06-23,3131.2900390625,0.900691179588542,0.33021183337708604,1.0779745441126238
2020-06-24,3050.330078125,1.826881573856246,-2.2514688021212392,1.1902622241879064
2020-06-25,3083.760009765625,1.042720353535377,0.8891312901528652,1.2093132412158831
2020-06-26,3009.050048828125,4.451420528259419,-2.110075580853101,1.3184982258900086
2020-06-29,3053.239990234375,0.651972835224046,1.200613385229986,1.3555696360610845
2020-06-30,3100.2900390625,0.8944178061809963,1.2610175113185942,1.3849906206078944
2020-07-01,3115.860107421875,0.6261056255402658,0.3904409991586996,1.35701801819938
2020-07-02,3130.010009765625,0.36313626791829523,0.34992160285562957,1.3584144139535566
2020-07-06,3179.719970703125,0.95015672890704,1.3003505940982418,1.2819570337977433
2020-07-07,3145.320068359375,0.7537687743838213,-0.9546114219350564,1.270627963678479
2020-07-08,3169.93994140625,1.1364236409994182,0.6264339003514102,1.2761747659046927
2020-07-09,3152.050048828125,1.0384962821076296,-0.5128469452787325,1.276777367464878
2020-07-10,3185.0400390625,0.7044809706452038,0.8478139866142055,0.44401003992905136
2020-07-13,3155.219970703125,1.0999648858792317,-0.8300855951030177,0.45161824253098176
2020-07-14,3197.52001953125,0.686654134545428,1.0938029809397618,0.4760560740412593
2020-07-15,3226.56005859375,0.8745312124790763,0.7317612663205317,0.4107154381087242
2020-07-16,3215.570068359375,0.12803114384817352,-0.32255082674748536,0.41014994063870974
2020-07-17,3224.72998046875,0.16984317760946574,0.2071444240439924,0.4102137826678835
2020-07-20,3251.840087890625,0.13480638712832288,0.6750994054585951,0.4044453666617088
2020-07-21,3257.300048828125,0.7383780982906424,0.1083477813148584,0.3996109245026269
2020-07-22,3276.02001953125,0.435740109488291,0.45148901618750265,0.4018914756796423
2020-07-23,3235.659912109375,0.4666887516321832,-1.0832068440466955,0.2193300589674484
2020-07-24,3215.6298828125,-0.16833347154663217,-0.5594159754676373,0.22126720534894953
2020-07-27,3239.409912109375,0.1253649601499666,0.5901083995632781,-0.03660566452740392
2020-07-28,3218.43994140625,0.21201070253051887,-0.5835277477181846,-0.051210878388568776
2020-07-29,3258.43994140625,0.6563955634763657,1.0120589217241043,-0.0777344329559999
2020-07-30,3246.219970703125,0.4333980500828073,-0.35179245768922296,-0.06612641325088894
2020-07-31,3271.1201171875,1.209843021112395,0.6132475598601974,-0.056291157991461484
2020-08-03,3294.610107421875,0.615346790146325,0.572111806675688,-0.12296979406410014
2020-08-04,3306.510009765625,0.5896677816647712,0.2715615247816666,-0.19596295884299983
2020-08-05,3327.77001953125,0.7158462321352074,0.5089357211408463,-0.20180154330960876
2020-08-06,3349.159912109375,0.44804637698942656,0.5087634804776501,-0.22801231090400642
2020-08-07,3351.280029296875,0.27145091556701456,0.01989136065964889,-0.25329767418800075
2020-08-10,3360.469970703125,0.49926847086203735,0.1981618550602452,-0.32814624826291816
2020-08-11,3333.68994140625,1.0770670729416898,-0.7110834547620829,-0.3290315990453865
2020-08-12,3380.35009765625,-0.0817190960331176,1.1430942101169523,-0.28339675036336665
2020-08-13,3373.429931640625,-0.4304350125138923,-0.20718475277418527,-0.2902864645620522
2020-08-14,3372.85009765625,-0.6799793510437151,-0.04823960804203299,-0.2873318020389
2020-08-17,3381.989990234375,-0.4078508682467277,0.1954282600832888,-0.30687003322636874
2020-08-18,3389.780029296875,-0.18909833752560848,0.16110254094757379,-0.30686279800273486
2020-08-19,3374.85009765625,-0.17871590453612032,-0.4074012656296521,-0.29579810371969123
2020-08-20,3385.510009765625,-0.4384753860978967,0.23331324704569156,-0.40335337069717386
2020-08-21,3397.159912109375,-0.36113514760520393,0.25714984773340477,-0.4471478858684746
2020-08-24,3431.280029296875,-0.11187311087872069,0.8124081880704194,-0.42887277627909
2020-08-25,3443.6201171875,-0.23290739515496942,0.2702472696579905,-0.48502873455473383
2020-08-26,3478.72998046875,-0.07306184073070451,0.8251403900990347,-0.507447880937556
2020-08-27,3484.550048828125,0.11028795272716503,0.10784121401746394,-0.5396344898000129
2020-08-28,3508.010009765625,0.018926724668607547,0.5344060900945881,-0.5442956788466199
2020-08-31,3500.31005859375,0.5205561179583091,-0.2197236273652095,-0.5343103150244526
2020-09-01,3526.64990234375,0.2625218140836078,0.6010217435864701,-0.5216518418192517
2020-09-02,3580.840087890625,0.46551772192944135,1.257351642118462,-0.439735172732225
2020-09-03,3455.06005859375,1.1097827152620408,-3.0610489170264175,0.1794073674333577
2020-09-04,3426.9599609375,0.6151167664547149,-0.7250720099067282,0.2087772043158521
2020-09-08,3331.840087890625,0.8823729292385085,-2.4168643067481055,0.44936539233607625
2020-09-09,3398.9599609375,0.08585316330477447,1.6549068863751228,0.5353695392949283
2020-09-10,3339.18994140625,0.3745433518976825,-1.5357219855622317,0.5700037518871797
2020-09-11,3340.969970703125,-0.14671124453529125,0.011433553121180957,0.5697235006416946
2020-09-14,3383.5400390625,-0.011321390778108726,1.0382666469663588,0.6116944681254018
2020-09-15,3401.199951171875,0.2162034070912286,0.4070538348087884,0.6163994098956216
2020-09-16,3385.489990234375,0.9080623933424082,-0.42564824146526486,0.6208389420978265
2020-09-17,3357.010009765625,0.5535540620819996,-0.7489190715858186,0.6334870509025462
2020-09-18,3319.469970703125,3.3729753613905804,-0.9857759748536875,0.6578877258316329
2020-09-21,3281.06005859375,1.0305709203694302,-1.0190476328400282,0.6781034637419843
2020-09-22,3315.570068359375,0.12975632153524858,0.8521493181483618,0.6808337202570088
2020-09-23,3236.919921875,0.5523098430228364,-2.0662312916734886,0.7827931420917638
2020-09-24,3246.590087890625,0.7857525231399585,0.2188654889104841,0.7500228248611774
2020-09-25,3298.4599609375,-0.04922302178203078,1.3082673409859955,0.8273751654524855
2020-09-28,3351.60009765625,0.10508105279890209,1.3194219785353158,0.8845651775722166
2020-09-29,3335.469970703125,-0.19742101291295247,-0.4421267887682068,0.8859077968822562
2020-09-30,3363.0,0.9287017918532336,0.6622343912343287,0.8891572924202198
2020-10-01,3380.800048828125,0.23622592388364533,0.41324812344536893,0.832092660154922
2020-10-02,3348.419921875,0.1304568482324245,-0.8484717664668112,0.5750992659676034
2020-10-05,3408.60009765625,-0.1648726605501361,1.4744338157353594,0.6503189592258541
2020-10-06,3360.969970703125,0.6304551644361642,-1.2250762681946985,0.4965677601664528
2020-10-07,3419.43994140625,-0.03728270106300209,1.4265189167379797,0.469880633300448
2020-10-08,3446.830078125,0.018017085524513417,0.6417771795945845,0.38583380688174784
2020-10-09,3477.139892578125,0.09795031835899179,0.7075507458565521,0.39927874326130847
2020-10-12,3534.219970703125,-0.43354033235062744,1.3448496678120576,0.4246826858869722
2020-10-13,3511.929931640625,-0.2502114501374497,-0.5693429056390399,0.4404934394699724
2020-10-14,3488.669921875,0.008471102322698017,-0.5962896400032949,0.4485406052888168
2020-10-15,3483.340087890625,-0.13159241462310606,-0.16313017629027093,0.4228013507099171
2020-10-16,3483.81005859375,0.8757858871605855,-0.022264184210503142,0.37280931440672715
2020-10-19,3426.919921875,0.251637511221516,-1.4276420624020734,0.4179612487631516
2020-10-20,3443.1201171875,0.07051476532332518,0.3656033846621012,0.3998311662506648
2020-10-21,3435.56005859375,0.26510435280304745,-0.2197861798053235,0.19324236392381008
2020-10-22,3453.489990234375,0.33630714097869135,0.4070172663604945,0.19478427113576557
2020-10-23,3465.389892578125,-0.2078661796365161,0.2575425455706276,0.1379294039225391
2020-10-26,3400.969970703125,0.15871839543341798,-1.6223519603344891,0.20696260362287322
2020-10-27,3390.679931640625,0.11709456287435215,-0.2902339372172105,0.20148308269763124
2020-10-28,3271.030029296875,1.3483172834616208,-3.0752679781336103,0.5487097455141473
2020-10-29,3310.110107421875,1.1098140821290785,0.9718218855546883,0.582177754034906
2020-10-30,3269.9599609375,1.038789039533315,-1.0668951553871209,0.5950882101739172
2020-11-02,3310.239990234375,0.485435682498399,1.0028447856509393,0.5480969289989558
2020-11-03,3369.159912109375,0.40878551508053623,1.4600095851519512,0.5883645838197405
2020-11-04,3443.43994140625,0.9828200931156613,1.8126150732111461,0.6327820745740157
2020-11-05,3510.449951171875,1.0536569345091984,1.5980557853175166,0.7045943142012826
2020-11-06,3509.43994140625,1.0372520630484663,-0.05804865143181355,0.6891386501133406
2020-11-09,3550.5,4.935160351715269,0.9511174124846952,0.6582479395455214
2020-11-10,3545.530029296875,2.2867093890070014,-0.1522806944358533,0.6479992856803286
2020-11-11,3572.659912109375,0.8209252367115981,0.6116806182011455,0.645569340421131
2020-11-12,3537.010009765625,1.1075138452129785,-0.8827468223847672,0.6738012333188307
2020-11-13,3585.14990234375,0.9087733756619301,1.1108411802555116,0.7108449137758016
2020-11-16,3626.909912109375,1.5109440334298976,0.9467792701583383,0.6484013125535689
2020-11-17,3609.530029296875,1.0055924385850523,-0.4403624930737803,0.6607985371311638
2020-11-18,3567.7900390625,1.4997565175197745,-1.0184250700356086,0.7022363950900713
2020-11-19,3581.8701171875,0.5363336520782866,0.2997758586843431,0.7005821673027901
2020-11-20,3557.5400390625,0.4035472482852356,-0.6107302927670667,0.7165849786733471
2020-11-23,3577.590087890625,1.2621420440866344,0.44213180292333304,0.6150852601245473
2020-11-24,3635.409912109375,2.5405928108103764,1.3236777548557321,0.6483195578237066
2020-11-25,3629.64990234375,1.1083293837559594,-0.16793493448553282,0.20268132282278462
2020-11-27,3638.35009765625,-1.1208615785036824,0.1690076223965866,0.18923566925653498
2020-11-30,3621.6298828125,2.569994020847074,-0.4236581198461541,0.1211552302187068
2020-12-01,3662.449951171875,1.6395168214175473,0.9152341393505171,0.11640451379819611
2020-12-02,3669.010009765625,1.245099379662802,0.1178246055857836,0.05970474003283304
2020-12-03,3666.719970703125,1.270286973894098,-0.08654600101862682,-0.05740610370873281
2020-12-04,3699.1201171875,1.3061288472958759,0.7111378138817264,-0.1545162337138288
2020-12-07,3691.9599609375,0.9975625206233938,-0.19772282562447754,-0.149240920519241
2020-12-08,3702.25,0.7674238171675791,0.2019552786898484,-0.1873661349742305
2020-12-09,3672.820068359375,1.445376825698699,-0.7093825268873847,-0.14902438548105512
2020-12-10,3668.10009765625,0.8448895231284228,-0.14255788047269888,-0.16163321371382322
2020-12-11,3663.4599609375,0.5489849551168372,-0.14085305887044156,-0.21822998244646175
2020-12-14,3647.489990234375,0.8086817029445381,-0.4035630378050113,-0.27378212528031937
2020-12-15,3694.6201171875,0.5611239326604381,1.0532645301333112,-0.2599491985792482
2020-12-16,3701.169921875,0.22650219510194947,0.11627196959327273,-0.27662181159509164
2020-12-17,3722.47998046875,0.35800255734645364,0.4523790169638867,-0.35929770156909097
2020-12-18,3709.409912109375,3.394618499646613,-0.33147281255574995,-0.3455575248243936
2020-12-21,3694.919921875,0.9390946804650677,-0.36505302284913166,-0.36794775088710585
2020-12-22,3687.260009765625,0.2121466256210157,-0.2093836342790973,-0.36853675358014
2020-12-23,3690.010009765625,-0.07449426099209412,0.029433274884181994,-0.499500219940369
2020-12-24,3703.06005859375,-2.056232009191095,0.2652055785877305,-0.4988478385725855
2020-12-28,3735.360107421875,-0.3292977775619094,0.701591482346896,-0.4642286576268224
2020-12-29,3727.0400390625,-0.4779453604537052,-0.22247431469887954,-0.478339129129754
2020-12-30,3732.0400390625,-0.7272492196695721,0.07981777324700165,-0.5440440790790578
2020-12-31,3756.070068359375,-0.7019570692148169,0.5097014411344826,-0.5249494234840412
