Date,state_0_prob,state_1_prob,state_2_prob,most_likely_state,entropy
2021-01-04,0.002672792473362037,0.9924911437920223,0.004836063734615362,state_1,0.049100123717346754
2021-01-05,0.0010660778854502022,0.755745969676112,0.24318795243843777,state_1,0.5627911051243834
2021-01-06,0.09013793637389313,0.9017758106992104,0.008086252926895954,state_1,0.34909945882301835
2021-01-07,0.03593045979802053,0.9592839646741469,0.004785575527832874,state_1,0.1849517236036559
2021-01-08,0.003637862147752771,0.8661691248887732,0.13019301296347394,state_1,0.4103078121897398
2021-01-11,0.00023878209488316983,0.48725517655023576,0.5125060413548811,state_2,0.6948929427867134
2021-01-12,0.0004943596905764481,0.2577104385091796,0.7417952018002437,state_2,0.5747585149985079
2021-01-13,4.227909352811607e-05,0.03274561011994976,0.9672121107865224,state_2,0.144626989953754
2021-01-14,0.0007228098058193926,0.024563363716622072,0.9747138264775587,state_2,0.12123546155253197
2021-01-15,0.00430513329009853,0.07929057936243679,0.916404287347465,state_2,0.30442683278563626
2021-01-19,0.0011697048585721213,0.06095674021523513,0.9378735549261931,state_2,0.23858404313467407
2021-01-20,0.0004768649611657491,0.08045614099313149,0.9190669940457027,state_2,0.28396595378066725
2021-01-21,1.833231275490891e-05,0.010512623672919389,0.9894690440143257,state_2,0.058562134709910126
2021-01-22,0.00045083911794506997,0.01654173062597764,0.9830074302560774,state_2,0.08817282758753914
2021-01-25,0.9572931350953696,0.04265198932473538,5.487557989583685e-05,state_0,0.17687344974361402
2021-01-26,0.947327895548691,0.05249798362598624,0.0001741208253225333,state_0,0.20747759478853528
2021-01-27,0.9999999996229043,3.7709604511832636e-10,2.306979211952945e-32,state_0,8.55952221712498e-09
2021-01-28,0.9968329270583007,0.003167072111906369,8.297931049680408e-10,state_0,0.021388404313012015
2021-01-29,0.979222527205288,0.020777472400873354,3.938382437752527e-10,state_0,0.1010496770947566
2021-02-01,0.47881450844549833,0.5211780151738262,7.4763806751212684e-06,state_1,0.6923401154354409
2021-02-02,0.0974068078614072,0.9025883737740295,4.818364563213767e-06,state_1,0.3194108140190205
2021-02-03,0.0013552352469795733,0.9983764510849816,0.0002683136680386284,state_1,0.012778344208247005
2021-02-04,0.0002604127992174858,0.9996976613338637,4.192586691880867e-05,state_1,0.002874139224064027
2021-02-05,0.00018848234216571787,0.9995032895736992,0.00030822808413523374,state_1,0.004605029531316097
2021-02-08,0.00012597959429469396,0.9995256500083838,0.000348370397321457,state_1,0.004379267661275244
2021-02-09,8.5749327410925e-05,0.9989895878925588,0.0009246627800302608,state_1,0.008272634723689633
2021-02-10,0.0001563240629139595,0.9993600436874127,0.00048363224967330396,state_1,0.005701848262052234
2021-02-11,9.350830704278428e-05,0.999000046078436,0.0009064456145212508,state_1,0.008217512820858851
2021-02-12,4.188900938237927e-05,0.9978786754351142,0.00207943555550334,state_1,0.015383219046591227
2021-02-16,0.00028796799840978966,0.9993032111563828,0.00040882084520726134,state_1,0.006233967263424709
2021-02-17,0.00013723095045781232,0.9986708957831116,0.00119187326643064,state_1,0.01057269521915009
2021-02-18,0.00017373441605987849,0.9984370717981713,0.0013891937857690255,state_1,0.012205445741814896
2021-02-19,0.00019463337361981257,0.998308249433742,0.0014971171926380295,state_1,0.013090913206852486
2021-02-22,0.003839090054498399,0.9961526159153314,8.294030170514301e-06,state_1,0.025292028181386626
2021-02-23,0.018676209484009974,0.9813216098238031,2.1806921867745345e-06,state_1,0.09287202113112303
2021-02-24,0.02040457550766797,0.9795940645019008,1.3599904316784662e-06,state_1,0.09962920296113482
2021-02-25,0.19294313121249745,0.807056868589596,1.9790656373157058e-10,state_1,0.4904625080327464
2021-02-26,0.36283710712387246,0.6371624586400055,4.342361217197388e-07,state_1,0.655039716548005
2021-03-01,0.086694509066145,0.9133043991542058,1.0917796487968845e-06,state_1,0.2948386494229666
2021-03-02,0.009843620029341365,0.9900921728729413,6.420709771709119e-05,state_1,0.0559650945843092
2021-03-03,0.018892244478946534,0.9811071125594201,6.429616332944858e-07,state_1,0.09370583884812567
2021-03-04,0.5371984523077967,0.46280154748759994,2.0460260112827735e-10,state_0,0.6903771768685389
2021-03-05,0.9661822072331657,0.0338177927573359,9.498747580153159e-12,state_0,0.14777243945832372
2021-03-08,0.5485153028858687,0.45146795450464583,1.674260948545618e-05,state_0,0.688619852707261
2021-03-09,0.11105810661861981,0.8889397216627998,2.171718580572538e-06,state_1,0.3487520971206467
2021-03-10,0.023656950131838116,0.9763418273214982,1.2225466638364687e-06,state_1,0.11196667667775567
2021-03-11,0.0016694967082615962,0.9983278103300814,2.692961657111181e-06,state_1,0.012382148220633212
2021-03-12,6.340671259349037e-05,0.9998365143851324,0.00010007890227394566,state_1,0.0016980396028220216
2021-03-15,0.0001670726576378596,0.9998121776773635,2.0749664998501073e-05,state_1,0.0018645924791554876
2021-03-16,7.392483110137127e-05,0.9998636592605388,6.241590835964396e-05,state_1,0.0014438300739738692
2021-03-17,6.93106197051057e-05,0.9998618593761448,6.883000414984025e-05,state_1,0.0014615706837840827
2021-03-18,0.00035145591795067145,0.9996482382938622,3.0578818720019494e-07,state_1,0.0031515654967579063
2021-03-19,0.7598131656299493,0.2401868343697835,2.6641995973837424e-13,state_0,0.5512951925733914
2021-03-22,0.008011420097649088,0.9918199726448378,0.0001686072575133299,state_1,0.0482815502779274
2021-03-23,0.0001382029914434237,0.9998547829711198,7.014037436944468e-06,state_1,0.0014566268023779737
2021-03-24,0.00010678072097798423,0.9998805204304154,1.2698848606357183e-05,state_1,0.0012391204413083879
2021-03-25,0.0002276638343914697,0.9995803898173884,0.00019194634821991245,state_1,0.003971817922418249
2021-03-26,0.0019847695907289184,0.9980146475208622,5.828884086437049e-07,state_1,0.014341485324094377
2021-03-29,0.00013329145176688059,0.9973833294124168,0.0024833791358162874,state_1,0.018698243608476814
2021-03-30,4.558503521689008e-05,0.9913282001579727,0.00862621480681022,state_1,0.050089718665390595
2021-03-31,0.00015582331476338542,0.9863029062629948,0.01354127042224182,state_1,0.07322365118454909
2021-04-01,0.00013540057605246111,0.9774720439694449,0.022392555454502663,state_1,0.1085482407619573
2021-04-05,0.0001572711157396902,0.9676501107828999,0.03219261810136061,state_1,0.14381262264130357
2021-04-06,6.684342875520659e-05,0.7223562066154605,0.27757694995578425,state_1,0.591337935443038
2021-04-07,2.5017336900490755e-05,0.17064546593070046,0.829329516732399,state_2,0.4571936248018345
2021-04-08,3.4559759139700452e-06,0.013637405688850142,0.986359138335236,state_2,0.07216268288493514
2021-04-09,1.8049009188585122e-06,0.001387891498771113,0.9986103036003101,state_2,0.010544884004788504
2021-04-12,7.50438830243218e-07,0.00038738135711141873,0.9996118682040583,state_2,0.0034419466478221076
2021-04-13,1.108661742991493e-06,0.00036810372914420475,0.9996307876091128,state_2,0.0032949964401339446
2021-04-14,2.911293442932201e-06,0.0007510667762127471,0.9992460219303444,state_2,0.006193990161687778
2021-04-15,1.6833166319057796e-05,0.002796173443583817,0.9971869933900972,state_2,0.01943419057464928
2021-04-16,3.0971372601643583e-06,0.00034921233684141517,0.9996476905258984,state_2,0.003171205668982755
2021-04-19,1.466048067633745e-06,0.0003335031742587697,0.9996650307776735,state_2,0.003024585563752204
2021-04-20,1.3526355592442263e-05,0.001370264947218777,0.9986162086971887,state_2,0.010568291470809787
2021-04-21,3.6466772803742165e-06,0.0005279905972375346,0.9994683627254821,state_2,0.004561603690246903
2021-04-22,1.7241748846050154e-05,0.0020996399630597014,0.9978831182880942,state_2,0.015250107831559388
2021-04-23,3.21011892646623e-06,0.0010346450058922178,0.9989621448751811,state_2,0.008189757981552886
2021-04-26,7.13439717789253e-07,0.00016118126987119935,0.9998381052904111,state_2,0.0015795719915352186
2021-04-27,6.310120971285836e-07,0.0001430916572896526,0.9998562773306132,state_2,0.0014193715845029799
2021-04-28,7.608694630647312e-07,0.00014498447152650417,0.9998542546590105,state_2,0.0014379553735610257
2021-04-29,8.602037536925711e-06,0.0004948481821681952,0.999496549780295,state_2,0.004370071380677737
2021-04-30,1.0274404935933778e-05,0.0008418045887979885,0.9991479210062661,state_2,0.006929671241317294
2021-05-03,1.7575667679155786e-06,0.00012877471960784896,0.9998694677136242,state_2,0.0013073069058797343
2021-05-04,1.5780359976201606e-05,0.000679142093002646,0.999305077547021,state_2,0.00582328471381934
2021-05-05,3.081034513892799e-06,0.00020985761632153705,0.9997870613491646,state_2,0.0020293162697923475
2021-05-06,2.9788156206047253e-05,0.0008330825031977906,0.9991371293405963,state_2,0.007079802311729237
2021-05-07,3.0323118019218405e-06,0.00026428876429056156,0.9997326789239075,state_2,0.0024831490511771125
2021-05-10,8.390755326771697e-05,0.004239342165515868,0.9956767502812166,state_2,0.028262428094236167
2021-05-11,0.0002812069230039069,0.01225126487193087,0.9874675282050648,state_2,0.0686844888403698
2021-05-12,0.010078310103773146,0.9312769407091487,0.05864474918707907,state_1,0.27897090735504476
2021-05-13,0.000920237982419073,0.9898258519564389,0.009253910061141641,state_1,0.059888855588661416
2021-05-14,0.00010004674736305629,0.996845613881186,0.003054339371451023,state_1,0.021759089236661738
2021-05-17,5.282002692271642e-05,0.9802620614406857,0.019685118532391414,state_1,0.09738308158680532
2021-05-18,9.596492929216215e-05,0.9929881308375046,0.00691590423320344,state_1,0.04227428487469989
2021-05-19,7.062475394072508e-05,0.9761397350508395,0.023789640195219734,state_1,0.11318604870064736
2021-05-20,6.614186672978765e-05,0.9796497386052396,0.020284119528030473,state_1,0.09984411989195167
2021-05-21,4.729110239726416e-05,0.9148544649236513,0.08509824397395147,state_1,0.2915618597830836
2021-05-24,3.860889741407106e-05,0.9160359237293999,0.08392546737318604,state_1,0.28868113682153984
2021-05-25,5.823409004725135e-05,0.9032084197560565,0.09673334615389619,state_1,0.31846568483807175
2021-05-26,0.00010034285196607426,0.9212879436704139,0.0786117134776199,state_1,0.27638150151834623
2021-05-27,0.03475579029800982,0.9652201245261801,2.4085175810393723e-05,state_1,0.15118295688092373
2021-05-28,0.0006758643872850468,0.9852185091773992,0.014105626435315637,state_1,0.07971182137551139
2021-06-01,0.0005512852615886839,0.9933409541754239,0.006107760562987466,state_1,0.0419118155731779
2021-06-02,0.005774789728387424,0.9939865115466322,0.0002386987249799806,state_1,0.03775092183953679
2021-06-03,0.0032134780309784187,0.9963098583393928,0.00047666362962856364,state_1,0.025775835443840812
2021-06-04,0.00011608613929517159,0.9785035785814614,0.021380335279243427,state_1,0.10452903150440006
2021-06-07,0.00013603188328265006,0.9465468767804229,0.053317091336294545,state_1,0.2095083522653503
2021-06-08,0.0002388823265460485,0.9001867504905383,0.0995743671829157,state_1,0.32635271818228584
2021-06-09,0.0002840466635759235,0.8235513420887981,0.17616461124762609,state_1,0.4680761785428711
2021-06-10,0.00010420998097573192,0.12548905951352624,0.8744067305054979,state_2,0.37876647717475415
2021-06-11,1.0021503006522431e-06,0.000993089704401443,0.9990059081452979,state_2,0.007874347659431354
2021-06-14,2.686585782342398e-06,5.715520562178421e-05,0.9999401582085959,state_2,0.0006526929832598899
2021-06-15,1.8658811426779647e-06,4.808637008181667e-05,0.9999500477487755,state_2,0.0005526645931663565
2021-06-16,2.609511094272716e-05,0.0001849483579032501,0.9997889565311538,state_2,0.002076134191690745
2021-06-17,0.002255648834833031,0.0016873758743708685,0.9960569752907961,state_2,0.02845506860967565
2021-06-18,0.9949542117934044,0.005002811752745807,4.297645385065618e-05,state_0,0.03196883074853233
2021-06-21,0.11289022882699382,0.15117126874014086,0.7359385024328654,state_2,0.7575112670297806
2021-06-22,3.330195678564789e-05,0.0015401534642264514,0.9984265445789878,state_2,0.01188939511468589
2021-06-23,5.565144374061862e-07,5.523542754051873e-05,0.9999442080580221,state_2,0.0006053280085995587
2021-06-24,1.0573617420874118e-06,6.738934327447372e-05,0.9999315532949834,state_2,0.0007302696153229379
2021-06-25,0.9991289329365405,0.0008702685037340065,7.985597246964001e-07,state_0,0.007014428413683293
2021-06-28,0.009876326993088482,0.02362490312594946,0.966498769880962,state_2,0.1670247475897331
2021-06-29,1.6064379450012075e-06,0.00018966875449519488,0.9998087248075598,state_2,0.0018381942922817232
2021-06-30,3.47735008944978e-06,0.0001183971364828785,0.9998781255134276,state_2,0.001236058393976915
2021-07-01,8.868065809319009e-07,6.095554798868645e-05,0.9999381576454304,state_2,0.0006657945421236782
2021-07-02,3.7818608500052274e-07,4.90052766028777e-05,0.9999506165373121,state_2,0.0005412827227668414
2021-07-06,4.397330514703284e-06,0.0001352081952871983,0.9998603944741979,state_2,0.0013983632540569956
2021-07-07,1.6246880545675787e-06,7.49551160212592e-05,0.9999234201959242,state_2,0.0008102045247460499
2021-07-08,1.4887290188177612e-05,0.000587917192622736,0.9993971955171893,state_2,0.005141566608657687
2021-07-09,1.9974738094971106e-06,0.0002671326129308652,0.9997308699132595,state_2,0.0024932124250004882
2021-07-12,3.0987789271062194e-07,7.868206248468777e-05,0.9999210080596226,state_2,0.0008271859804376014
2021-07-13,6.993983019554491e-07,0.00013653458626279683,0.9998627660154352,state_2,0.0013621492516705047
2021-07-14,1.365965982389722e-06,0.00014317562146562264,0.999855458412552,state_2,0.0014302868821348788
2021-07-15,1.1587776356749102e-06,0.00014465714684555828,0.9998541840755187,state_2,0.0014405783166569126
2021-07-16,3.4521930764304753e-06,0.0004541145847434613,0.9995424332221801,state_2,0.0039962716596853515
2021-07-19,0.01591324879317307,0.14699116804008758,0.8370955831667395,state_2,0.4965786236627605
2021-07-20,0.0013271475672276126,0.14268830351006967,0.8559845489227027,state_2,0.4197274682918001
2021-07-21,4.483460094723504e-06,0.009281288584011588,0.9907142279558937,state_2,0.05273189512087603
2021-07-22,4.0678697616380685e-07,0.0003853062549496033,0.9996142869580743,state_2,0.0034206988683951065
2021-07-23,8.07236294833182e-05,0.00360161322939121,0.9963176631411256,state_2,0.024700347811452708
2021-07-26,5.966247908926542e-06,0.0009526322609787691,0.9990414014911122,state_2,0.007656687515584409
2021-07-27,7.444102225824534e-06,0.0012227533819076006,0.9987698025158666,state_2,0.009517920180663277
2021-07-28,4.6580738144789e-06,0.0008055751418654169,0.99918976678432,state_2,0.006605971947823808
2021-07-29,3.1945172119080815e-06,0.0006540795979965077,0.9993427258847917,state_2,0.005493377461132109
2021-07-30,3.439380598862596e-06,0.000986064521768672,0.9990104960976325,state_2,0.007857612674450908
2021-08-02,1.0633775140349713e-06,0.0004263320627890208,0.999572604559697,state_2,0.003750391159352654
2021-08-03,5.319670152795787e-06,0.001062950534062523,0.9989317297957846,state_2,0.00841001256192245
2021-08-04,9.204849355807163e-06,0.001689663539979797,0.9983011316106644,state_2,0.012589665904400454
2021-08-05,1.7451936362028214e-06,0.0005690853314201892,0.9994291694749435,state_2,0.004845716240710134
2021-08-06,4.457473123386189e-07,0.00019314143212101673,0.9998064128205666,state_2,0.0018518493229388274
2021-08-09,4.5104559771389495e-07,0.00019495731795947027,0.9998045916364429,state_2,0.0018674475223375033
2021-08-10,1.1772906746520703e-06,0.0002434262336120797,0.9997553964757133,state_2,0.0022861221609485815
2021-08-11,4.899336300209608e-07,0.00017557261413095467,0.9998239374522391,state_2,0.0017014220709609422
2021-08-12,4.311007869157261e-07,0.00017038891616845837,0.9998291799830447,state_2,0.0016556614180625617
2021-08-13,2.1254721248535573e-07,0.00011157875052573959,0.9998882087022618,state_2,0.0011305042996495194
2021-08-16,2.5543426198699975e-07,2.8406832311118954e-05,0.9999713377334268,state_2,0.000329927168010997
2021-08-17,1.8920292134324866e-06,7.556776964383253e-05,0.9999225402011428,state_2,0.000819564154912894
2021-08-18,3.910128313756734e-06,0.00024374507284916663,0.9997523447988372,state_2,0.002324122968468271
2021-08-19,6.64055110279934e-06,0.00012181304690349622,0.9998715464019936,state_2,0.0013055198980237524
2021-08-20,1.1158036368251075e-06,5.093237988566517e-05,0.9999479518164774,state_2,0.0005708071323990919
2021-08-23,9.526004276781089e-07,6.26227785848388e-05,0.9999364246209874,state_2,0.0006828674172631216
2021-08-24,1.2170745682635423e-06,5.0255964713943034e-05,0.9999485269607178,state_2,0.0005654998288758101
2021-08-25,2.8914975289320807e-07,2.8067068830130395e-05,0.999971643781417,state_2,0.00032687787138822475
2021-08-26,3.877365030946086e-07,6.001861400019211e-05,0.9999395936494967,state_2,0.0006495609493164017
2021-08-27,6.00203291351615e-07,6.149868807526186e-05,0.9999379011086333,state_2,0.0006670171779253639
2021-08-30,2.140870795782528e-07,3.4256199704430244e-05,0.9999655297132161,state_2,0.00038996741868096714
2021-08-31,4.0681525755829474e-06,0.00010289954542004347,0.9998930323020043,state_2,0.0011022558504328811
2021-09-01,1.6100342759110807e-06,5.413256574061657e-05,0.9999442573999835,state_2,0.0006090200683320512
2021-09-02,6.342764717175479e-07,3.168504431339004e-05,0.9999676806792149,state_2,0.0003696168882739654
2021-09-03,1.9909546769770585e-07,2.3408408722275663e-05,0.99997639249581,state_2,0.0002762693395542133
2021-09-07,9.031890275381516e-07,4.884846126928945e-05,0.9999502483497031,state_2,0.0005472286994688934
2021-09-08,6.14896295472346e-07,3.757497075937567e-05,0.9999618101329452,state_2,0.0004298411241699402
2021-09-09,8.064737041486014e-07,5.8734503481374834e-05,0.9999404590228145,state_2,0.0006430744241707715
2021-09-10,1.1302394681173151e-06,0.00011632354098927602,0.9998825462195425,state_2,0.0011867140165750113
2021-09-13,9.75617862007065e-07,5.7983598491206576e-05,0.9999410407836468,state_2,0.0006381105386591421
2021-09-14,8.160043406557914e-07,8.867818620210582e-05,0.9999105058094573,state_2,0.0009283411423599361
2021-09-15,3.7791743564300402e-06,0.0001543793920260816,0.9998418414336174,state_2,0.0015601814296224781
2021-09-16,1.2958932818155515e-06,5.3140646006038996e-05,0.9999455634607122,state_2,0.0005950430354240448
2021-09-17,0.9984258249071966,0.0015731127646508407,1.0623281518374082e-06,state_0,0.011741517144361559
2021-09-20,0.5811180264800004,0.3987186036923044,0.020163369827695284,state_0,0.7607687120056996
2021-09-21,0.001988131309418171,0.08677411531360275,0.9112377533769792,state_2,0.309182865509114
2021-09-22,6.904486046963719e-06,0.004153187898907851,0.9958399076150452,state_2,0.02700905572365519
2021-09-23,1.0779958338706483e-05,0.0017978848574959,0.9981913351841654,state_2,0.013295017208126005
2021-09-24,3.844268270823172e-07,0.0001982892563918595,0.9998013263167811,state_2,0.0018949038224478298
2021-09-27,2.089282551233234e-06,0.0002788952625146645,0.9997190154549341,state_2,0.0025909370171552757
2021-09-28,0.005976948790792948,0.38968559607656855,0.6043374551326388,state_2,0.7022045761885796
2021-09-29,6.712983218924936e-06,0.04829697146741356,0.9516963155493674,state_2,0.1935562582430878
2021-09-30,0.00020037057441316193,0.15208548857985538,0.8477141408457317,state_2,0.4281831018400113
2021-10-01,5.4224175572233247e-05,0.19977187157934456,0.8001739042450832,state_2,0.5006607563978116
2021-10-04,0.00019150020016136886,0.748112395136017,0.2516961046638212,state_1,0.5659661579029832
2021-10-05,5.267005093648121e-05,0.9056147949319752,0.09433253501708834,state_1,0.3130150759334174
2021-10-06,4.1733112050481024e-05,0.9333023040651005,0.06665596282284897,state_1,0.2453614768901734
2021-10-07,3.6323537129377445e-05,0.975104029030813,0.024859647432057704,state_1,0.1167989996325558
2021-10-08,1.366767901330227e-05,0.9678623351872199,0.03212399713376658,state_1,0.1422158953274935
2021-10-11,1.4977952219847701e-05,0.9838143371056558,0.016170684942124473,state_1,0.08291723504420996
2021-10-12,1.894849041299725e-05,0.9761088267174141,0.02387222479217314,state_1,0.11297322654882525
2021-10-13,2.2764824329441727e-05,0.9541016447988947,0.0458755903767758,state_1,0.18645230108730865
2021-10-14,4.1552183629594255e-05,0.999212379641468,0.0007460681749025689,state_1,0.006578720135217449
2021-10-15,2.902280904742922e-05,0.9968841698502385,0.003086807340713905,state_1,0.021257838531802613
2021-10-18,2.5508042806966295e-05,0.971427639206631,0.028546852750561912,state_1,0.12994857581141034
2021-10-19,2.1941279480283035e-05,0.9622157561649434,0.03776230255557616,state_1,0.16102269040576905
2021-10-20,2.5878177986421752e-05,0.924512570942341,0.07546155087967273,state_1,0.2678396632508562
2021-10-21,3.270479387368901e-05,0.8214865506592655,0.17848074454686066,state_1,0.46944598061018317
2021-10-22,2.328794660994743e-05,0.6642825389390913,0.335694173114299,state_1,0.6384002403197664
2021-10-25,2.8597599791523378e-05,0.5269928757622505,0.47297852663795786,state_1,0.6919956219579975
2021-10-26,5.973626845898793e-06,0.048270080189630096,0.9517239461835241,state_2,0.19346727824641616
2021-10-27,9.39530270394911e-06,0.009489123315926336,0.9905014813813697,state_2,0.05375864427011211
2021-10-28,1.091875273218154e-05,0.0019030131953043238,0.9980860680519634,state_2,0.013957923722881791
2021-10-29,1.2619528434817223e-05,0.0007442916621644647,0.9992430888094006,state_2,0.006260166872197857
2021-11-01,1.1495643052888867e-06,7.778426925079336e-05,0.9999210661664439,state_2,0.0008306137190651577
2021-11-02,1.3519201453065104e-06,6.42157578234614e-05,0.9999344323220312,state_2,0.0007037268866502478
2021-11-03,8.063352812985802e-06,0.00017085067109088857,0.9998210859760961,state_2,0.001755548324776494
2021-11-04,1.1157765575243882e-05,0.00017741380544655715,0.9998114284289783,state_2,0.0018481175653718783
2021-11-05,1.1136487065245498e-05,0.00015912373254047877,0.9998297397803942,state_2,0.001688929388822935
2021-11-08,4.346679023280012e-06,6.498504919045583e-05,0.9999306682717863,state_2,0.0007495376720706965
2021-11-09,2.700726070762473e-06,6.504943251338036e-05,0.9999322498414158,state_2,0.0007294766932836272
2021-11-10,2.7948034119114734e-05,0.0005470443373395269,0.9994250076285416,state_2,0.004976706206025963
2021-11-11,1.282221265189261e-06,3.0890704827339326e-05,0.9999678270739074,state_2,0.0003703698733804279
2021-11-12,1.3990856399860052e-06,3.2665311230933034e-05,0.9999659356031292,state_2,0.0003903294899449774
2021-11-15,3.7193937570011534e-07,1.8125590384358182e-05,0.99998150247024,state_2,0.00022190231144792938
2021-11-16,1.966383767323812e-06,3.128542783901806e-05,0.9999667481883936,state_2,0.00038359185510945457
2021-11-17,1.6919736894716193e-06,3.6812931817922355e-05,0.9999614950944926,state_2,0.0004368374106143008
2021-11-18,4.859926588030377e-06,5.271760890100139e-05,0.9999424224645109,state_2,0.0006363326111205943
2021-11-19,4.701385793168738e-06,5.7874065352791065e-05,0.999937424548854,state_2,0.0006849396785223683
2021-11-22,1.2076416781509528e-05,0.00010864926997046497,0.9998792743132479,state_2,0.0012491586136748377
2021-11-23,5.139326058475372e-06,5.848020437713958e-05,0.9999363804695643,state_2,0.0006962034015126246
2021-11-24,3.699048535276783e-07,1.4988329451058739e-05,0.9999846417656955,state_2,0.00018733035585231857
2021-11-26,0.0015672532159699978,0.1540669792482294,0.8443657675357997,state_2,0.44112485811054275
2021-11-29,0.0001461254771490553,0.07923261404496935,0.9206212604778817,state_2,0.27831562885319816
2021-11-30,0.43313756785879165,0.5668521235120744,1.0308629133368024e-05,state_1,0.6843019963600299
2021-12-01,0.07041220866437499,0.9290243867756065,0.0005634045600184587,state_1,0.2594411156806764
2021-12-02,0.0066731755076824386,0.9930620688502462,0.00026475564207137305,state_1,0.04252485821814272
2021-12-03,0.0010416285750811062,0.9985388072075266,0.00041956421739241666,state_1,0.01187561144389444
2021-12-06,0.00033224870291917924,0.9990638116945285,0.0006039396025525416,state_1,0.008073360341539177
2021-12-07,0.0002689067805519962,0.9997261029759437,4.990243504288047e-06,state_1,0.002545502376456094
2021-12-08,4.4323581677127244e-05,0.999004791818177,0.000950884600145869,state_1,0.008055379209715963
2021-12-09,2.6362469762999634e-05,0.9992264723797541,0.0007471651504827597,state_1,0.0064301924103850935
2021-12-10,2.9449837930790823e-05,0.999471541964251,0.0004990081978183055,state_1,0.004629466754695789
2021-12-13,6.172626790480972e-05,0.9998089827937024,0.00012929093839256217,state_1,0.0019468987435088073
2021-12-14,6.75359267089551e-05,0.9998103873611819,0.0001220767121092894,state_1,0.0019381483674481195
2021-12-15,0.00034122018351651496,0.9996574776630125,1.302153470787877e-06,state_1,0.0030840645749759693
2021-12-16,0.0001343244448936814,0.9998574176379611,8.257917145053272e-06,state_1,0.0014367619884452468
2021-12-17,0.9059362089970019,0.09406379100299145,5.973420745645814e-15,state_0,0.31184046840363816
2021-12-20,0.032604289024637585,0.9673698935030705,2.581747229206674e-05,state_1,0.14397924091722966
2021-12-21,0.00020511103025490823,0.9997946523503763,2.3661936878739528e-07,state_1,0.0019507311046658843
2021-12-22,1.2706468516825627e-05,0.9999851731815151,2.1203499682472983e-06,state_1,0.00018577190493555782
2021-12-23,7.810739156968735e-06,0.9999895573789398,2.6318819029752843e-06,state_1,0.0001361108669544223
2021-12-27,9.777718582461582e-06,0.9999853941364232,4.828144994480001e-06,state_1,0.00018649725032936505
2021-12-28,6.267035496338634e-06,0.9999455239957943,4.8208968709325446e-05,state_1,0.0006087503885179381
2021-12-29,7.715692363876544e-06,0.9992221646624359,0.0007701196452005385,state_1,0.006389324367569065
2021-12-30,9.552124899009378e-06,0.9982203282895747,0.001770119585526134,state_1,0.013105228992197475
2021-12-31,7.3573495942773855e-06,0.9978054395293766,0.002187203121029165,state_1,0.01567602023401151
2022-01-03,2.8802855647639716e-05,0.9954627136071577,0.004508483537194804,state_1,0.029182013442016035
2022-01-04,0.0001279368070882547,0.9976748708144554,0.002197192378456419,state_1,0.0169173267792816
2022-01-05,0.00041950905849666816,0.9995749533514995,5.537590003911816e-06,state_1,0.0037542639366479687
2022-01-06,5.650315963286804e-05,0.996610536631958,0.003332960208408944,state_1,0.022947235261565533
2022-01-07,4.63210157236356e-05,0.9957295539825183,0.004224125001758114,state_1,0.027816645645504484
2022-01-10,9.432550986302844e-05,0.9952627434007701,0.00464293108936697,state_1,0.030544025129546952
2022-01-11,6.0529054855205376e-05,0.9950697586583712,0.004869712286773445,state_1,0.03143580575245966
2022-01-12,4.3952309218633977e-05,0.9844819374064985,0.015474110284282961,state_1,0.0803431514319926
2022-01-13,9.278807838319091e-05,0.9988114260450333,0.0010957858765833306,state_1,0.009518609645977815
2022-01-14,8.162543545812868e-05,0.9852322767647294,0.014686097799812593,state_1,0.07741438409965351
2022-01-18,0.0002988647560807231,0.9996715924858924,2.954275802676902e-05,state_1,0.0030619175845198435
2022-01-19,9.901870522582246e-05,0.9988584047228045,0.00104257657196971,state_1,0.009212309312842334
2022-01-20,0.00019056246884071955,0.9981668931907832,0.001642544340376169,state_1,0.01399488179267612
2022-01-21,0.0030704104811525254,0.996927597115622,1.992403225636093e-06,state_1,0.020859053994529173
2022-01-24,0.2380209745034542,0.7619789474455437,7.805100205870093e-08,state_1,0.5487893237351056
2022-01-25,0.019342708421465158,0.979706669695554,0.0009506218829806906,state_1,0.10301630607803193
2022-01-26,0.005986444267390258,0.9931453967738895,0.0008681589587201638,state_1,0.04359099109937886
2022-01-27,0.0013286804656123235,0.9957396470777775,0.002931672456610124,state_1,0.030149919353618368
2022-01-28,0.0017929768048982116,0.9982068026901086,2.2050499277612012e-07,state_1,0.01313353493443342
2022-01-31,0.0008025442530389995,0.9991972273330696,2.2841389157741174e-07,state_1,0.006526256868995174
2022-02-01,0.0001448709050715578,0.9998352166836237,1.9912411304838443e-05,state_1,0.001660915645343645
2022-02-02,7.305812770011789e-05,0.9999127354925176,1.4206379782499986e-05,state_1,0.0009416539954864289
2022-02-03,0.0002164034491958339,0.9997835919659971,4.584807202425062e-09,state_1,0.0020425641703546156
2022-02-04,9.293565340949259e-05,0.9999025374712528,4.526875337752449e-06,state_1,0.0010159408765133264
2022-02-07,3.4062165666664e-05,0.9999543977457284,1.1540088604993388e-05,state_1,0.0005272168813862607
2022-02-08,6.235015906725326e-05,0.9999348158406498,2.834000282788383e-06,state_1,0.0007051036975136423
2022-02-09,0.00010482524790370196,0.9998949376235184,2.371285779412932e-07,state_1,0.001069210552167484
2022-02-10,0.0007862970199618337,0.9992137019005106,1.079527469471075e-09,state_1,0.006406600621611348
2022-02-11,0.0007957926653426243,0.9992042068980482,4.366091183968983e-10,state_1,0.00647439902250655
2022-02-14,7.68579892137339e-05,0.9999229061278937,2.3588289246506016e-07,state_1,0.0008088085477502632
2022-02-15,9.887072298478426e-05,0.9999011081552381,2.1121777034259902e-08,state_1,0.0010110161272060278
2022-02-16,3.88740259250014e-05,0.9999604805265186,6.454475564914546e-07,state_1,0.00044349135994143496
2022-02-17,0.00024103947503863275,0.9997589603401588,1.8480251491628664e-10,state_1,0.0022490061096616673
2022-02-18,0.00010063908659053158,0.9998992408959791,1.2001743031573088e-07,state_1,0.0010289456986883598
2022-02-22,0.00028758794498588144,0.9997123979465024,1.4108511809310319e-08,state_1,0.0026328026077771134
2022-02-23,0.00028845894815644215,0.9997115404622166,5.896271644832896e-10,state_1,0.0026396471664075173
2022-02-24,0.07859795391587548,0.9214020460839852,1.3892457410315973e-13,state_1,0.27533166264447884
2022-02-25,0.009196808578043532,0.9908031914206992,1.257769179251714e-12,state_1,0.052277291958485954
2022-02-28,0.005760437606913925,0.9942395621719252,2.2116051875241467e-10,state_1,0.0354489090613323
2022-03-01,0.00398373579203028,0.9960162641083872,9.958282304292562e-11,state_1,0.02598806513134995
2022-03-02,0.0014879407418383309,0.998512059218333,3.9828766950807245e-11,state_1,0.01117386731508182
2022-03-03,0.00023857168154988012,0.9997614197002153,8.618235129709775e-09,state_1,0.0022286002737447273
2022-03-04,0.0015399050015234381,0.9984600908573786,4.14109805115769e-09,state_1,0.011511280802530017
2022-03-07,0.4116981185464793,0.5883018814535206,6.926157270751661e-18,state_1,0.6774706452614884
2022-03-08,0.9326480854671164,0.06735191453287798,5.409837060744434e-15,state_0,0.24673467385456324
2022-03-09,0.7787780208962627,0.22122197910372696,1.0426497960079118e-14,state_0,0.5284502341461769
2022-03-10,0.043310696348939894,0.9566893008398974,2.8111627848792047e-09,state_1,0.17832668372016108
2022-03-11,0.0013537872453537763,0.9986462125962552,1.5839112676411083e-10,state_1,0.01029443486250113
2022-03-14,0.0010565917471542586,0.9989434079587186,2.941269200069308e-10,state_1,0.008296553645743021
2022-03-15,0.0023884999042932194,0.99761150009545,2.5677821181028063e-13,state_1,0.01680523349874244
2022-03-16,0.052601849187160474,0.9473981508128386,4.959120182602768e-16,state_1,0.20610611170926146
2022-03-17,0.002309082356809313,0.997690917639132,4.05884013141575e-12,state_1,0.016324634295905277
2022-03-18,0.9876218906229686,0.012378109377031946,6.916011479685817e-22,state_0,0.06666368188541545
2022-03-21,0.11051003521482336,0.8894899607467435,4.038432763816314e-09,state_1,0.34758044333672733
2022-03-22,0.0020225532187671566,0.9979774466518754,1.293572540834571e-10,state_1,0.014567205259480177
2022-03-23,0.00016824658844270696,0.9998317531256409,2.8591634577517373e-10,state_1,0.0016303152939733704
2022-03-24,6.948935646863473e-05,0.9999305101669607,4.7657091007858e-10,state_1,0.0007348121619413377
2022-03-25,5.087017947761872e-05,0.9999491060161881,2.3804334257078754e-08,state_1,0.000554225016848371
2022-03-28,5.4710100887043765e-05,0.9999452726222988,1.727681422547798e-08,state_1,0.0005919301915221708
2022-03-29,0.00033470689553516256,0.9996652896283871,3.4760777679888564e-09,state_1,0.0030131320994175475
2022-03-30,5.546703415170862e-05,0.9999444082260966,1.2473975150383183e-07,state_1,0.0006011347188238375
2022-03-31,0.0002453250676146132,0.99975467408165,8.507352544364849e-10,state_1,0.002284682827149076
2022-04-01,7.367379184838009e-05,0.9999262634197976,6.278835411692158e-08,state_1,0.0007758448534697501
2022-04-04,7.624661225716863e-05,0.999912778687854,1.0974699888993112e-05,state_1,0.0009354827993738572
2022-04-05,0.0001457053994314373,0.9998536733576834,6.212428853504836e-07,state_1,0.0014423448498192817
2022-04-06,0.00019770782720344074,0.999797837740881,4.454431915456551e-06,state_1,0.001943222347269091
2022-04-07,0.0001269686105115377,0.9998451119899241,2.791939956419651e-05,state_1,0.0015867519701629803
2022-04-08,2.927165512808856e-05,0.9995826037703649,0.0003881245745070761,state_1,0.00377127462372964
2022-04-11,7.389371676212637e-05,0.9999246264769872,1.4798062507525414e-06,state_1,0.0007981772726904829
2022-04-12,3.346229474799222e-05,0.9995697896973121,0.00039674800793983704,state_1,0.003882363156487413
2022-04-13,3.5549623449679694e-05,0.9987484017167692,0.0012160486597812229,state_1,0.009777304867178566
2022-04-14,4.7010334417324384e-05,0.9996224930992795,0.0003304965663033617,state_1,0.0034948019970738355
2022-04-18,2.8978662450437058e-05,0.9929065434943343,0.007064477843215442,state_1,0.042359105951253376
2022-04-19,7.676950974827236e-05,0.9998006750542636,0.00012255543598824886,state_1,0.0020305237116553863
2022-04-20,5.08457877984623e-05,0.9978654021556871,0.0020837520565144103,state_1,0.015499236417969353
2022-04-21,0.00015030469609835558,0.9998102886323541,3.940667154760707e-05,state_1,0.001912448198513055
2022-04-22,0.0005529586274742711,0.9994470387387014,2.6338244295524837e-09,state_1,0.004700175815219811
2022-04-25,0.0004017246847134932,0.9995888824746639,9.392840622427023e-06,state_1,0.0036611444407315488
2022-04-26,0.0006483637743586234,0.999351636087747,1.3789418087261983e-10,state_1,0.005407833296687615
2022-04-27,0.0001051516513291223,0.9998798689382598,1.4979410411218075e-05,state_1,0.0012497280007725557
2022-04-28,0.0006479625002767483,0.9993520373617083,1.3801494496209075e-10,state_1,0.005404887658838894
2022-04-29,0.012496182455849516,0.9875038175441506,2.0246760800152072e-17,state_1,0.06718019921222436
2022-05-02,0.0007106296973115544,0.9992893700148653,2.878230077935487e-10,state_1,0.005861993602021823
2022-05-03,0.00010367794967077838,0.9998963200150572,2.0352721171740393e-09,state_1,0.0010548797747372736
2022-05-04,0.004962222290166404,0.9950377777098335,6.710559708315046e-17,state_1,0.03127895321995458
2022-05-05,0.08252986363623437,0.9174701363637657,6.548156379937252e-22,state_1,0.2849051089546462
2022-05-06,0.010477245139836338,0.9895227548601532,1.0698304280296882e-14,state_1,0.05818320673576447
2022-05-09,0.46719064836225804,0.5328093516377427,1.6771732293825568e-23,state_1,0.6909927257800064
2022-05-10,0.4813021485347104,0.5186978514652894,3.047664594342817e-17,state_1,0.6924477982006718
2022-05-11,0.6969814500568055,0.3030185499431945,4.956159125101752e-19,state_0,0.6134002598765615
2022-05-12,0.8626483012165289,0.1373516987834715,5.523406838821351e-18,state_0,0.40012676933628466
2022-05-13,0.8147815261827058,0.18521847381729376,1.248881059420583e-20,state_0,0.47921494084498895
2022-05-16,0.23480340809312972,0.76519659190687,1.6940619230366048e-16,state_1,0.5450155272446141
2022-05-17,0.12305685800877277,0.8769431419912276,7.681871418985147e-20,state_1,0.372971643451918
2022-05-18,0.9858887822570731,0.014111217742927073,3.8576359812730485e-32,state_0,0.07413605075858584
2022-05-19,0.9434460799523735,0.05655392004762636,3.223915670226936e-21,state_0,0.21737828958293695
2022-05-20,0.8449160492147604,0.15508395078523918,1.5532472773657044e-19,state_0,0.4314272819449211
2022-05-23,0.689574430837597,0.3104255691624028,1.1438818791305151e-21,state_0,0.6194407472825898
2022-05-24,0.5492875418299261,0.45071245817007377,3.334418021776727e-19,state_0,0.6882807578403303
2022-05-25,0.3277384405969611,0.6722615594030384,1.7549424753971679e-19,state_1,0.632565453284113
2022-05-26,0.19672583260633936,0.8032741673936606,1.479579704806178e-20,state_1,0.49582982486949967
2022-05-27,0.05567449067589828,0.9443255093241021,6.124681972776198e-20,state_1,0.2148959890379819
2022-05-31,0.7702257656974371,0.22977423430256258,1.6708389845449393e-21,state_0,0.5390034023397109
2022-06-01,0.2617379073326731,0.7382620926673271,8.168595393904882e-17,state_1,0.5748668757827138
2022-06-02,0.02774279371151978,0.9722572062884801,3.497282389532755e-17,state_1,0.1268061421406491
2022-06-03,0.0008320514250719718,0.9991679485749155,1.2293977242375643e-14,state_1,0.006732294631504492
2022-06-06,0.00021491741861367494,0.9997850825810389,3.472969402119595e-13,state_1,0.0020299271026799582
2022-06-07,9.101220381751716e-05,0.9999089877407338,5.544850932920638e-11,state_1,0.0009378340202822622
2022-06-08,0.00011974400609763092,0.9998802559812647,1.2637475179362712e-11,state_1,0.0012010440269724046
2022-06-09,0.0006395772168996918,0.9993604227830951,5.4178702962083185e-15,state_1,0.0053432732467740265
2022-06-10,0.012224395363191858,0.9877756046368085,3.883840559119213e-19,state_1,0.06598954092205389
2022-06-13,0.6467194563431569,0.3532805436568438,6.289228023051826e-26,state_0,0.6494538053570598
2022-06-14,0.2529456737650132,0.7470543262349865,4.829586537964674e-16,state_1,0.565548219537061
2022-06-15,0.16548290535808494,0.8345170946419153,2.0118998727027978e-17,state_1,0.4486509642995611
2022-06-16,0.6234139986608266,0.3765860013391739,2.0466280923400493e-21,state_0,0.6623680451080824
2022-06-17,0.9999695227041676,3.047729583265677e-05,1.4127787491636742e-27,state_0,0.0003473958622522758
2022-06-21,0.8960615561067131,0.1039384438932866,2.494449291547339e-19,state_0,0.33365143098709266
2022-06-22,0.31790844251683154,0.682091557483145,2.373572424271886e-14,state_1,0.6252828369118035
2022-06-23,0.05887468250759119,0.941125317492408,1.0579735832275822e-15,state_1,0.2238598789373633
2022-06-24,0.9998816715866634,0.00011832841333578316,3.904883329859877e-34,state_0,0.0011882524439365185
2022-06-27,0.3205616986423301,0.6794383013576621,7.976550380009683e-15,state_1,0.6272921254286268
2022-06-28,0.05184453459143526,0.9481554654085651,7.543004951356129e-17,state_1,0.2039109587962028
2022-06-29,0.0016604505863367306,0.9983395494136524,1.066102837249764e-14,state_1,0.012287061345731787
2022-06-30,0.0015218458046856711,0.9984781541953134,1.2742743972566683e-15,state_1,0.011394166109197582
2022-07-01,0.00024482528593307637,0.9997551747140507,1.6162394594779778e-14,state_1,0.002280509174339046
2022-07-05,0.0010701740076510407,0.9989298259923296,1.9313832028368173e-14,state_1,0.008389520769686399
2022-07-06,0.000322097899297438,0.999677902100638,6.453175418208052e-14,state_1,0.0029119241142820935
2022-07-07,0.0002966808460212689,0.9997033191539754,3.3621244624356237e-15,state_1,0.0027065319070527253
2022-07-08,0.00011665250044222883,0.9998833474994995,5.821123721459085e-14,state_1,0.0011730870355396268
2022-07-11,0.00013131778054256465,0.9998686822193864,7.077815046513416e-14,state_1,0.0013050130858757206
2022-07-12,8.076309439394791e-05,0.9999192368968193,8.786729754725051e-12,state_1,0.0008418706956710759
2022-07-13,3.5120056204787165e-05,0.9999647978756897,8.206810545981256e-08,state_1,0.00039675772631043104
2022-07-14,3.8770098238818356e-05,0.9999611393322325,9.056952870066199e-08,state_1,0.0004341499715610553
2022-07-15,8.772648568308367e-05,0.9999122726525007,8.618164164467308e-10,state_1,0.0009072197411896693
2022-07-18,2.9392728519455854e-05,0.999963571849201,7.03542227942789e-06,state_1,0.00042660578987822325
2022-07-19,0.00018212434544449357,0.9998178754968875,1.5766799295420005e-10,state_1,0.0017503515939542088
2022-07-20,3.428027544931836e-05,0.9999600334559346,5.686268615957646e-06,state_1,0.00046107487591941926
2022-07-21,3.679621782493106e-05,0.9999605915630261,2.612219148862705e-06,state_1,0.0004486821823272674
2022-07-22,2.8744708538629388e-05,0.9999699373919256,1.3178995359540634e-06,state_1,0.0003484908707672707
2022-07-25,1.3544773902318461e-05,0.9994934180283552,0.0004930371977424996,state_1,0.00441272565677037
2022-07-26,2.406541960366983e-05,0.9999461278742067,2.98067061895427e-05,state_1,0.000620409068418945
2022-07-27,0.00018784943420193677,0.9998121122185487,3.83472493862709e-08,state_1,0.0018002486564896846
2022-07-28,7.531384757985273e-05,0.9999172461748246,7.439977595404862e-06,state_1,0.0008856245496109761
2022-07-29,0.0001357399356120135,0.9998609892511992,3.270813188838417e-06,state_1,0.0013890458717920361
2022-08-01,3.2919745720501986e-05,0.9999117993716404,5.52808826391064e-05,state_1,0.0009698989535132432
2022-08-02,9.552623831259625e-05,0.9998973044099477,7.169351739835436e-06,state_1,0.0010718176046727033
2022-08-03,8.38373376327763e-05,0.9999151696108639,9.930515035596728e-07,state_1,0.0008855034728032235
2022-08-04,3.670850314300552e-05,0.9999348453586847,2.844613817225957e-05,state_1,0.0007377980841010789
2022-08-05,2.622795848747525e-05,0.999939153821709,3.461821980358083e-05,state_1,0.0006930830397440331
2022-08-08,3.372610301180908e-05,0.999882408396474,8.386550051408918e-05,state_1,0.0012520568451052047
2022-08-09,2.168256482471693e-05,0.9998207999272825,0.00015751750789281453,state_1,0.0017912523192149426
2022-08-10,0.00023405950272944784,0.9997657631205381,1.773767323031938e-07,state_1,0.0021936890367465394
2022-08-11,7.423624288680537e-05,0.999896540341308,2.922341580526811e-05,state_1,0.0011144199119157007
2022-08-12,3.9326683323918414e-05,0.9999551721060664,5.501210609620134e-06,state_1,0.0005103639655988194
2022-08-15,1.6547500672825335e-05,0.9996343490761542,0.0003491034231729842,state_1,0.0033266729980881123
2022-08-16,5.6742105274778166e-05,0.997890050209838,0.002053207684887139,state_1,0.01536846135432669
2022-08-17,2.611554509463817e-05,0.9990464324561584,0.0009274519987467497,state_1,0.007705171356229539
2022-08-18,1.2110356299447804e-05,0.9967601328140818,0.0032277568296185714,state_1,0.021886029371533507
2022-08-19,2.8187915204619066e-05,0.999821495671624,0.00015031641317139052,state_1,0.0017970029145219402
2022-08-22,6.877049592059685e-05,0.9999311181930485,1.1131103109719842e-07,state_1,0.0007298086588433923
2022-08-23,1.832790685198017e-05,0.9998266829696631,0.0001549891234847918,state_1,0.0017327947704938902
2022-08-24,1.6802385729716844e-05,0.9962787483228657,0.0037044492914045635,state_1,0.0246373690670873
2022-08-25,2.8215462039061345e-05,0.9994897245070858,0.00048206003087508285,state_1,0.004487425796291545
2022-08-26,0.00045122788647496414,0.9995487721110274,2.4980586621277558e-12,state_1,0.003927177331828338
2022-08-29,1.2676533953102042e-05,0.9999813327780082,5.99068803886852e-06,state_1,0.0002336444233753691
2022-08-30,2.5666234560316612e-05,0.999973022159172,1.3116062674239256e-06,state_1,0.0003160428891249641
2022-08-31,6.755890274793898e-05,0.9999274274174409,5.013679810975325e-06,state_1,0.0007824886776030009
2022-09-01,2.996659548551464e-05,0.9999498349447341,2.019845978027986e-05,state_1,0.0005806221084147317
2022-09-02,1.9911778006079123e-05,0.9999762691722651,3.819049728617211e-06,state_1,0.0002869041855474141
2022-09-06,2.8875786928152565e-05,0.9999597924825291,1.1331730542787827e-05,state_1,0.0004710757348740616
2022-09-07,4.7132793953298846e-05,0.9999528118509852,5.5355061426272035e-08,state_1,0.0005176744084221667
2022-09-08,2.4418883157149804e-05,0.9999595679765573,1.6013140285472655e-05,state_1,0.0004765822122603555
2022-09-09,3.635231792874479e-05,0.9999632134268776,4.342551937008501e-07,state_1,0.0004147501519746991
2022-09-12,2.3222248599863045e-05,0.9999712076681386,5.570083261352962e-06,state_1,0.00034397002035447947
2022-09-13,0.016084909264477712,0.9839150907355224,2.1411576327678393e-20,state_1,0.08238349257825424
2022-09-14,0.0001388861410999495,0.9998611124834978,1.3754023242046732e-09,state_1,0.0013724726536533127
2022-09-15,0.0001295548589369185,0.9998704449842161,1.5684704830483238e-10,state_1,0.0012892483245635455
2022-09-16,0.8842259020267093,0.11577409797329143,1.5785494575028303e-18,state_0,0.3584197475309649
2022-09-19,0.009943217002038419,0.9900567726285512,1.036941018196591e-08,state_1,0.05574064742513347
2022-09-20,0.00010509455835601458,0.9998949044884341,9.532099499410959e-10,state_1,0.0010678442601653809
2022-09-21,0.00011779388389205436,0.9998822060781498,3.795811561686295e-11,state_1,0.0011834190064822926
2022-09-22,7.790182611741854e-05,0.999922097404317,7.695654066463842e-10,state_1,0.0008148717504999903
2022-09-23,0.0006819733151641723,0.9993180266589402,2.5895594104037842e-11,state_1,0.005653681488525703
2022-09-26,0.00017439882082113226,0.9998255629929448,3.818623428462326e-08,state_1,0.0016843503551941222
2022-09-27,6.836114077445495e-05,0.9999313368707595,3.019884660109226e-07,state_1,0.0007288260913933558
2022-09-28,0.0002638386810799951,0.9997361611235955,1.953246486322348e-10,state_1,0.0024378847311536936
2022-09-29,0.0004147574419319925,0.9995852425485554,9.512816692198403e-12,state_1,0.0036447265959694826
2022-09-30,0.002081905120517346,0.9979180948715571,7.925120162169702e-12,state_1,0.014934401286870016
2022-10-03,0.0013341877657704628,0.9986658122342212,8.260718885627965e-15,state_1,0.010164863315971908
2022-10-04,0.010561154508468524,0.9894388454915312,3.9492040405398175e-19,state_1,0.05856448930130069
2022-10-05,0.0002901115751498553,0.9997098884233989,1.4514187015370964e-12,state_1,0.00265309937711255
2022-10-06,0.00022548034325512492,0.9997745196562932,4.5152802370836027e-13,state_1,0.0021188759633766338
2022-10-07,0.0031215357648822816,0.996878464235118,1.6372089808210138e-17,state_1,0.0211261413007749
2022-10-10,0.00012303555441796595,0.9998769644437907,1.7913208665923494e-12,state_1,0.0012307217068621172
2022-10-11,0.000141926366662833,0.9998580711094069,2.5239301084745498e-09,state_1,0.0013994650888200367
2022-10-12,3.420898350218677e-05,0.9999657736438047,1.7372693289968482e-08,state_1,0.0003863079313985371
2022-10-13,0.0017217224396935227,0.9982782775602933,1.349252956163249e-14,state_1,0.012678021493482659
2022-10-14,0.0007230257843522575,0.9992769742156372,1.0727760203727079e-14,state_1,0.005951734294570822
2022-10-17,0.0010247106450880382,0.9989752893549123,7.157506650119467e-17,state_1,0.00807762234884126
2022-10-18,0.0004002985510105393,0.9995997014489636,2.5916790794310292e-14,state_1,0.003531874040476344
2022-10-19,0.00021813506809226305,0.9997818649316307,2.7684522101658413e-13,state_1,0.0020570763123909574
2022-10-20,0.00035004989895121073,0.9996499501008878,1.6120007744934213e-13,state_1,0.0031354878927213506
2022-10-21,0.0035673321702256442,0.9964326678297745,3.0644612627720265e-17,state_1,0.023666221935940646
2022-10-24,0.0007941797088942555,0.9992058202910927,1.3128225606807194e-14,state_1,0.006462878489508237
2022-10-25,0.0012240646367818388,0.9987759353632175,9.382632944150884e-16,state_1,0.009431376415907406
2022-10-26,0.000774620355093225,0.9992253796448723,3.459960973544077e-14,state_1,0.00632303238428052
2022-10-27,0.00036137987319027627,0.9996386201260379,7.717789465646811e-13,state_1,0.0032254600006072186
2022-10-28,0.000777931063267512,0.9992220689367316,9.237325671733704e-16,state_1,0.006346737805219725
2022-10-31,0.00039964089139903715,0.9996003591066162,1.9849834419843047e-12,state_1,0.0035267287492877736
2022-11-01,0.00010395340369933985,0.9998960461653742,4.3092662754965596e-10,state_1,0.0010573734143364438
2022-11-02,0.002284570359340185,0.997715429640658,1.951303710647081e-15,state_1,0.016175749973993053
2022-11-03,0.00033507873288854726,0.9996649212644864,2.6248797501675165e-12,state_1,0.003016036198736376
2022-11-04,0.0011391897360056124,0.998860810257681,6.313267310533509e-12,state_1,0.008859328618925402
2022-11-07,9.103271881690265e-05,0.9999089669016334,3.795498803489908e-10,state_1,0.0009380321460952711
2022-11-08,0.00011520535119231097,0.9998847939130051,7.358025584007785e-10,state_1,0.0011599885635625664
2022-11-09,0.0006424752608897039,0.9993575247389377,1.7226939457840387e-13,state_1,0.005364579091015981
2022-11-10,0.9550621870413932,0.04493781295860658,1.1787180023805199e-34,state_0,0.18333110732034608
2022-11-11,0.6786581469180636,0.3213418530819315,5.103655116387393e-15,state_0,0.6278767743027539
2022-11-14,0.05218609888346889,0.9478139011161815,3.497792675100721e-13,state_1,0.20490245228540682
2022-11-15,0.004033588021695772,0.9959664119782526,5.1502555610182934e-14,state_1,0.026263012119931848
2022-11-16,0.0002926077630931639,0.9997073922367533,1.5343176129768376e-13,state_1,0.0026734199674417944
2022-11-17,0.000142268490091112,0.9998577315092891,6.197392468386236e-13,state_1,0.0014024434380130056
2022-11-18,8.87309360363416e-05,0.9999112690579892,5.974580447444213e-12,state_1,0.0009165780935608102
2022-11-21,7.48040725669959e-05,0.9999251959193931,8.040054088442414e-12,state_1,0.0007854879195765662
2022-11-22,8.88729750045504e-05,0.9999111270228924,2.1027937934500405e-12,state_1,0.0009179030752325575
2022-11-23,3.3840461163004215e-05,0.999966159522362,1.647508225063343e-11,state_1,0.0003821890601556924
2022-11-25,2.95647095055713e-05,0.9999704352896628,8.312778231163824e-13,state_1,0.0003378925573223305
2022-11-28,9.064837788184783e-05,0.999909351618339,3.779145123978195e-12,state_1,0.0009344468388510531
2022-11-29,3.3974550570166874e-05,0.999966025298068,1.5136182403168477e-10,state_1,0.0003835722353150193
2022-11-30,0.3943387736302559,0.6056612263697447,2.078438890075207e-21,state_1,0.6706493607462454
2022-12-01,0.005704437992572965,0.9942955618096333,1.977936386879769e-10,state_1,0.0351601818405443
2022-12-02,6.967651428918219e-05,0.9999303230036821,4.820288862475282e-10,state_1,0.0007366039262644237
2022-12-05,0.000281175322105353,0.9997188246772865,6.081788125942442e-13,state_1,0.0025801748704378045
2022-12-06,0.0002772730892388809,0.999722726910068,6.931535980431076e-13,state_1,0.002548242025735565
2022-12-07,9.239516377972833e-05,0.9999076048213867,1.4833449469738318e-11,state_1,0.0009506902332239129
2022-12-08,5.5202176385264336e-05,0.9999447976592376,1.6437689422516586e-10,state_1,0.0005964347101322144
2022-12-09,2.4022222201871064e-05,0.9997190977910315,0.00025687998676657953,state_1,0.002659977432191246
2022-12-12,3.853248576897917e-05,0.999920987097553,4.04804166779744e-05,state_1,0.0008801012650395718
2022-12-13,0.0002856885004401393,0.9996945579257841,1.975357377577415e-05,state_1,0.0028507616174641313
2022-12-14,6.248599102760449e-05,0.9998252545143093,0.0001122594946630064,state_1,0.0018005962524597725
2022-12-15,0.0002733380727981608,0.9997266593486319,2.5785701006155437e-09,state_1,0.002516038822974823
2022-12-16,0.47622312879484185,0.5237768712048012,3.5643382009472205e-13,state_1,0.6920160748305825
2022-12-19,0.0016623260366245409,0.9983274268616757,1.0247101699635389e-05,state_1,0.012427015288789917
2022-12-20,2.4944073496174584e-05,0.9999620207306191,1.3035195884820547e-05,state_1,0.00044897567323199565
2022-12-21,2.914770588762624e-05,0.9999696388168174,1.213477294985287e-06,state_1,0.0003512841434283807
2022-12-22,3.8854884930328645e-05,0.9999608166291998,3.2848586997458515e-07,state_1,0.000438684145327328
2022-12-23,7.2894159219198326e-06,0.9999897307218721,2.9798622058456307e-06,state_1,0.00013441103608890297
2022-12-27,8.254816191290438e-06,0.9999831911008724,8.554082936322559e-06,state_1,0.00021324748345139484
2022-12-28,1.3140261921333268e-05,0.9999860947157326,7.65022346058035e-07,state_1,0.00017237357835523084
2022-12-29,1.646309425036424e-05,0.9999695601934386,1.3976712310890393e-05,state_1,0.0003680036137135537
2022-12-30,7.654071800278035e-06,0.9997449631400039,0.00024738278819569316,state_1,0.0023995799786472524
2023-01-03,2.3382030521362887e-05,0.9997674785274453,0.0002091394420332473,state_1,0.00225376559589889
2023-01-04,6.598935728103047e-05,0.9997629261375377,0.00017108450518134053,state_1,0.0023561367348729277
2023-01-05,3.031869813692247e-05,0.9998563117739377,0.00011336952792536276,state_1,0.0014890519881292164
2023-01-06,8.375041001836418e-05,0.9999161055548086,1.4403517292796212e-07,state_1,0.0008723811110697161
2023-01-09,3.894400072510715e-05,0.9999226121930258,3.844380624910179e-05,state_1,0.0008636300430300675
2023-01-10,2.112547957176152e-05,0.9999354366183498,4.343790207837006e-05,state_1,0.000728275761343258
2023-01-11,6.345170611543014e-05,0.999928574054276,7.974239608702022e-06,state_1,0.0007783107671937462
2023-01-12,5.286423370507508e-05,0.9999052050188766,4.193074741836699e-05,state_1,0.0010380266179080238
2023-01-13,2.2375388284454426e-05,0.9998844534525426,9.317115917306566e-05,state_1,0.0012198537046454049
2023-01-17,4.470954711590705e-05,0.9981232112507623,0.001832079202121736,state_1,0.013869126738937546
2023-01-18,7.955533339441035e-05,0.9998867795297193,3.366513688627398e-05,state_1,0.0012108603006667621
2023-01-19,3.099030198112523e-05,0.9993061954836101,0.0006628142144085464,state_1,0.0058664477439846815
2023-01-20,7.227972004171861e-05,0.9999200887291281,7.631550829980725e-06,state_1,0.0008590170591495466
2023-01-23,3.6203936880305044e-05,0.9998303918095192,0.0001334042536005674,state_1,0.0017300773029716894
2023-01-24,1.1565185962750719e-05,0.9971411793540925,0.0028472554599448838,state_1,0.019675100126643363
2023-01-25,1.900085263640203e-05,0.9969213719192873,0.0030596272280760547,state_1,0.02099403916752167
2023-01-26,3.147641127282441e-05,0.9991777630716546,0.0007907605170727274,state_1,0.0067962110116938645
2023-01-27,2.977518120063669e-05,0.9931104184239742,0.006859806394824975,state_1,0.04135218296837752
2023-01-30,3.411961291008e-05,0.9993405469350285,0.0006253334520616205,state_1,0.005623403476795876
2023-01-31,0.0002350251921179091,0.9996933195850425,7.165522283950547e-05,state_1,0.0029543130532382863
2023-02-01,0.00026058122257769533,0.9995947115215384,0.00014470725588375965,state_1,0.0038350054669444916
2023-02-02,0.0028415143620718676,0.9971571248500954,1.3607878327376993e-06,state_1,0.019518197978458423
2023-02-03,0.000155716407328193,0.9997257456570899,0.00011853793558196693,state_1,0.0027110721349785302
2023-02-06,4.4378984649718045e-05,0.9963533049628619,0.003602316052488354,state_1,0.02435210934977752
2023-02-07,0.00011294742566733042,0.9992753508584369,0.0006117017158958316,state_1,0.00627706272760616
2023-02-08,3.935464051797425e-05,0.9996242662693209,0.0003363790901610681,state_1,0.0034649481941239797
2023-02-09,5.294977314408396e-05,0.9994978845219696,0.00044916570488637996,state_1,0.004485564256317718
2023-02-10,2.5174721747736836e-05,0.9974684564540803,0.0025063688241719548,state_1,0.017805371504451
2023-02-13,1.897159232577544e-05,0.9993427801509102,0.0006382482567640683,state_1,0.005558727831290942
2023-02-14,2.4727103324193076e-05,0.9983774772099906,0.0015977956866853864,state_1,0.012171915883215007
2023-02-15,4.089352350600412e-05,0.9931331841735856,0.006825922302908299,state_1,0.041297459653386846
2023-02-16,5.7944288561654145e-05,0.9997221021970479,0.00021995351439041156,state_1,0.0026956345662464635
2023-02-17,3.986673356788415e-05,0.9906478183601505,0.009312314906281538,state_1,0.05326043482491746
2023-02-21,9.33872068840185e-05,0.9998950958593549,1.1516933761112881e-05,state_1,0.00110238278699188
2023-02-22,3.3723450542966225e-05,0.997803871084293,0.0021624054651638593,state_1,0.015810651457160298
2023-02-23,3.0292505805310478e-05,0.9978861616918481,0.0020835458023466505,state_1,0.01528993793276233
2023-02-24,3.081123961239116e-05,0.9993734336581481,0.0005957551022395038,state_1,0.005370313066717407
2023-02-27,2.3990613755139707e-05,0.9969664431999986,0.0030095661862464406,state_1,0.020757578299571755
2023-02-28,0.0002833712946962171,0.9992313440907398,0.00048528461456385754,state_1,0.006786248103726281
2023-03-01,6.319871759112479e-05,0.9923223751870084,0.007614426095400635,state_1,0.045400126190278244
2023-03-02,8.495955785435227e-05,0.9880323325240981,0.011882707918047682,state_1,0.06536425736318456
2023-03-03,0.0001149449118465517,0.998384500730508,0.0015005543576455968,state_1,0.012413350950735771
2023-03-06,4.366825801860853e-05,0.9733947611813957,0.02656157056058587,state_1,0.12305959527930262
2023-03-07,5.3854961452257405e-05,0.9990813879188263,0.000864757119721539,state_1,0.007546727551810309
2023-03-08,2.2127958837058135e-05,0.9565895262415959,0.04338834579956691,state_1,0.1788252125685178
2023-03-09,0.00017305265723205148,0.9996807251769196,0.0001462221658485338,state_1,0.0031093889806871364
2023-03-10,0.0015065539441320597,0.9984864870054048,6.959050463565353e-06,state_1,0.011384491694715636
2023-03-13,0.03979077225865765,0.9602087435603185,4.841810235060862e-07,state_1,0.16728614465521693
2023-03-14,0.017201399786517572,0.9827973862570303,1.2139564525002961e-06,state_1,0.08695556567843557
2023-03-15,0.07396868886221306,0.9260312080065687,1.0313121780236151e-07,state_1,0.2637875506839036
2023-03-16,0.025829217791040786,0.9741706674101288,1.1479883038189439e-07,state_1,0.11993273073675792
2023-03-17,0.9999847025116528,1.5297488346902453e-05,4.718886285010858e-24,state_0,0.0001849131976994006
2023-03-20,0.30618498796146776,0.6937399392675806,7.507277095115149e-05,state_1,0.6167746967642166
2023-03-21,0.009796289791354273,0.9901635170574172,4.0193151228654585e-05,state_1,0.05550997569638003
2023-03-22,0.0002024130150565409,0.9997950343872569,2.552597686399295e-06,state_1,0.001959381217615785
2023-03-23,0.0001911617958230426,0.9997758198450337,3.301835914296981e-05,state_1,0.00220165513088556
2023-03-24,8.463870400188345e-05,0.9998046813556454,0.00011067994035266935,state_1,0.001997135720047847
2023-03-27,3.7896948715421555e-05,0.9996580677696947,0.00030403528158980966,state_1,0.0031898781872993307
2023-03-28,2.5580479140988952e-05,0.9995768697604587,0.0003975497604002728,state_1,0.0038064108709806276
2023-03-29,5.590440964248184e-05,0.9999254750783187,1.862051203871191e-05,state_1,0.0008247312970507028
2023-03-30,2.4073116913332624e-05,0.999799975993899,0.0001759508891877994,state_1,0.0019771567260114644
2023-03-31,0.00012324669409590546,0.9998650270886967,1.1726217207460503e-05,state_1,0.0013774828091411722
2023-04-03,3.8470587699840164e-05,0.9997877036309395,0.0001738257813607151,state_1,0.0021082403067159625
2023-04-04,4.073945512396382e-05,0.9996082324417433,0.0003510281031327819,state_1,0.0035958016822460596
2023-04-05,2.4937432021124934e-05,0.9992713990851274,0.0007036634828514899,state_1,0.006100691987582236
2023-04-06,1.682559658119779e-05,0.9911260499307962,0.008857124472622654,state_1,0.05088290895281533
2023-04-10,1.8503233908484144e-05,0.9451404863083633,0.054841010457728184,state_1,0.21274891085950481
2023-04-11,2.397008032534113e-05,0.8766289370645293,0.12334709285514533,state_1,0.3738170401752168
2023-04-12,2.256269915668884e-05,0.7104229583642164,0.289554478936627,state_1,0.6020085400916454
2023-04-13,4.702819203982029e-05,0.7938942516430882,0.20605872016487217,state_1,0.5091925351611726
2023-04-14,1.2313363338296054e-05,0.3183293393709741,0.6816583472656877,state_2,0.6257505364670681
2023-04-17,2.2519214090327844e-06,0.02327737750990917,0.9767203705686819,state_2,0.1105651161410559
2023-04-18,7.468737088475901e-07,0.0012854200464368745,0.9987138330798543,state_2,0.009852492589214154
2023-04-19,5.855694828149289e-07,0.0002513507173448536,0.9997480637131724,state_2,0.00234366883612791
2023-04-20,1.1454506576093533e-06,0.00015153471354779292,0.9998473198357946,state_2,0.001501039656447236
2023-04-21,4.0914154009158337e-07,6.578671584459829e-05,0.9999338041426153,state_2,0.000705678193531151
2023-04-24,2.2125238450890977e-07,5.314472118569635e-05,0.9999466340264298,state_2,0.0005798314939406977
2023-04-25,9.808701839882783e-05,0.013545521668928834,0.9863563913126727,state_2,0.07272417880180018
2023-04-26,1.664689269648395e-06,0.0011181577158595898,0.9988801775948708,state_2,0.008740426600999772
2023-04-27,0.00028775530090990187,0.03728009101063845,0.9624321536884516,state_2,0.1618246007577721
2023-04-28,1.2164889040182041e-05,0.010475871459255225,0.9895119636517048,state_2,0.05832666534859021
2023-05-01,4.457104052515673e-07,0.0005594145208255262,0.9994401397687692,state_2,0.004755464037387115
2023-05-02,0.00014495641394534275,0.014449992387653078,0.9854050511984019,state_2,0.07699470639018006
2023-05-03,1.6304007917477212e-05,0.00736308451988063,0.9926206114722019,state_2,0.04369397342873291
2023-05-04,0.0004108345301514022,0.03294402728181555,0.9666451381880328,state_2,0.14843186974652312
2023-05-05,0.0011726115384217003,0.5434697592128674,0.45535762924871104,state_1,0.6975282191789243
2023-05-08,1.232501429416859e-05,0.298726955347271,0.7012607196384351,state_2,0.6099290639988963
2023-05-09,1.4797557773288627e-05,0.2328826124963149,0.767102589945912,state_2,0.5429114816577114
2023-05-10,2.247125406044696e-05,0.17943528211972287,0.8205422466262168,state_2,0.4707946400379097
2023-05-11,4.699466653417682e-06,0.04701030573441391,0.9529849947989327,state_2,0.18967847862077308
2023-05-12,2.151864984183434e-06,0.010693003140006478,0.9893048449950094,state_2,0.05919245659514708
2023-05-15,2.0195175629768597e-06,0.003346857719607521,0.9966511227628295,state_2,0.022445941329183608
2023-05-16,5.350480267430023e-06,0.005291035610630477,0.9947036139091022,state_2,0.03308152107335597
2023-05-17,7.769971523727898e-05,0.03541709798632838,0.9645052022984341,state_2,0.15390547635833296
2023-05-18,3.747295611570017e-05,0.06938184415256105,0.9305806828913232,state_2,0.2524537248588843
2023-05-19,1.615997063302744e-05,0.06590448754451228,0.9340793524848546,state_2,0.24310725832231672
2023-05-22,6.6755375460820024e-06,0.04272397101987679,0.9572693534425771,state_2,0.1765924291336315
2023-05-23,9.27166017910014e-05,0.14926912153535507,0.8506381618628543,state_2,0.42237789357399175
2023-05-24,0.00017658806147455438,0.9997306547528236,9.275718570195406e-05,state_1,0.0026566276123489536
2023-05-25,0.00013878297467591417,0.9359588118316543,0.06390240519366977,state_1,0.23893513699252356
2023-05-26,7.305949616368507e-05,0.8946728862660323,0.10525405423780426,state_1,0.3372370417982651
2023-05-30,7.108448576726013e-05,0.6715166345843792,0.3284122809298537,state_1,0.6337702861833832
2023-05-31,0.014131698971837433,0.9825655037426676,0.0033027972854946653,state_1,0.09634209536871141
2023-06-01,0.000510814527871456,0.9621273847788698,0.03736180069325865,state_1,0.16383015610162188
2023-06-02,0.0004024303690290104,0.9836389185414299,0.01595865108954109,state_1,0.0854056746961967
2023-06-05,4.6421156990317435e-05,0.5665403365478416,0.433413242295168,state_1,0.6847364139997172
2023-06-06,9.823534138824636e-06,0.06632057879324708,0.933669597672614,state_2,0.2441381388992671
2023-06-07,2.6769468908209232e-05,0.01601475318776623,0.9839584773433253,state_2,0.08240291129582819
2023-06-08,2.1999587235481807e-06,0.001484635952614859,0.9985131640886615,state_2,0.011183207897913591
2023-06-09,1.1329601878944813e-06,0.0004086371568367761,0.9995902298829754,state_2,0.003613663314875369
2023-06-12,6.278829796875359e-06,0.001152763790582354,0.9988409573796208,state_2,0.00903271109120276
2023-06-13,1.2667179521996794e-05,0.001608810240403665,0.9983785225800743,state_2,0.012111289842955094
2023-06-14,4.947476123721712e-06,0.0007340464373554388,0.9992610060865209,state_2,0.00609673011238107
2023-06-15,3.099711982810172e-05,0.0026612258599779622,0.9973077770201941,state_2,0.0187887199572773
2023-06-16,0.9426776865549311,0.05683761713493376,0.00048469631013442753,state_0,0.22233136323204858
2023-06-20,0.012549886576408388,0.2371978226781477,0.7502522907454441,state_2,0.6118203987394597
2023-06-21,9.488476738927181e-06,0.026659889472755043,0.9733306220505061,state_2,0.12305158914193161
2023-06-22,5.647978869599516e-07,0.0007031725920528756,0.9992962626100602,state_2,0.005816583800618553
2023-06-23,0.3564682147148661,0.2990395065392948,0.3444922787458388,state_0,1.0958147602101618
2023-06-26,0.00012183071947956955,0.026695136223281502,0.9731830330572391,state_2,0.12427596963598636
2023-06-27,3.1907636749017205e-06,0.0021771909884820665,0.9978196182478429,state_2,0.01556395354938505
2023-06-28,7.541636374477175e-07,0.0002318753941012354,0.9997673704422613,state_2,0.0021838715904120426
2023-06-29,7.528218635632012e-07,0.0001486669355194278,0.999850580242617,state_2,0.0014703439047159426
2023-06-30,9.884860656332857e-06,0.0008913646839231613,0.9990987504554203,state_2,0.0072745989345486825
2023-07-03,3.6529904332126704e-07,0.00027306974199589205,0.999726564958961,state_2,0.002519563454287401
2023-07-05,3.575132578151599e-07,8.428947254530706e-05,0.9999153530141969,state_2,0.0008806912795396317
2023-07-06,1.6844423132411088e-06,0.0003642824183766917,0.9996340331393101,state_2,0.0032725285876245816
2023-07-07,5.892185124300545e-07,0.00014591023548438133,0.9998535005460032,state_2,0.0014436956689860767
2023-07-10,3.3057926597620925e-07,9.144199700501771e-05,0.999908227423729,state_2,0.0009470942123750337
2023-07-11,8.664456259853905e-07,0.00016156388769240652,0.9998375696666816,state_2,0.0015850630176359487
2023-07-12,2.224582628799767e-06,0.00022719465104559562,0.9997705807663255,state_2,0.0021644436914490845
2023-07-13,2.2389660261261337e-06,0.0002627665905019112,0.999734994443472,state_2,0.0024604102543626734
2023-07-14,5.360281496772788e-07,0.00012781531877074912,0.9998716486530795,state_2,0.0012819375014313452
2023-07-17,4.140647839300932e-07,7.195829111558303e-05,0.9999276276441005,state_2,0.0007648959897124571
2023-07-18,3.554179866740777e-06,0.00020700217228042234,0.9997894436478528,state_2,0.002011084001088636
2023-07-19,2.009504567406393e-06,0.00012315071845559687,0.999874839776977,state_2,0.0012601275917613448
2023-07-20,1.329754351299794e-06,0.00018096601347342568,0.9998177042321752,state_2,0.0017596919832168572
2023-07-21,3.7454436861069147e-07,6.701414582825357e-05,0.9999326113098032,state_2,0.0007169753681776662
2023-07-24,9.350746459838266e-07,6.655188314420156e-05,0.9999325130422098,state_2,0.0007205306319864369
2023-07-25,7.363383765707464e-07,4.8972715245714196e-05,0.9999502909463777,state_2,0.0005461234109459897
2023-07-26,1.2674844688941383e-06,4.847779028834984e-05,0.9999502547252428,state_2,0.0005485525377251093
2023-07-27,2.4064448404435282e-05,0.00040419271044277763,0.9995717428411527,state_2,0.0038422931935347174
2023-07-28,4.5921868224886555e-06,0.00018624376929109637,0.9998091640438864,state_2,0.001846807096356955
2023-07-31,1.1321468605652637e-05,0.00015144015292914957,0.9998372383784652,state_2,0.0016236510393805126
2023-08-01,1.6764556273291577e-06,7.043473683224864e-05,0.9999278888075404,state_2,0.0007678176106893198
2023-08-02,7.089600764052234e-05,0.003359397992092811,0.9965697060002664,state_2,0.023236874369033652
2023-08-03,2.42673670953026e-06,0.0001990815507517369,0.9997984917125388,state_2,0.0019293955384637673
2023-08-04,3.3097448352469588e-06,0.00022722595791143448,0.9997694642972533,state_2,0.0021786006900224924
2023-08-07,9.66240131877732e-07,0.00015548941540657643,0.9998435443444615,state_2,0.0015333019497988057
2023-08-08,1.231812239187232e-06,0.00016086373776980084,0.999837904449991,state_2,0.00158398088348256
2023-08-09,1.6533782966403107e-06,0.00024408780819932147,0.9997542588135041,state_2,0.0022980400260613027
2023-08-10,9.935749876977792e-06,0.0002844847140686469,0.9997055795360544,state_2,0.002731600331430955
2023-08-11,5.991879152953119e-07,7.658812588003832e-05,0.9999228126862046,state_2,0.0008116002296767612
2023-08-14,1.3776657658133938e-06,0.00011405913553238755,0.9998845631987018,state_2,0.0011695412425743673
2023-08-15,6.873426288752012e-06,0.0008357163052574291,0.9991574102684538,state_2,0.006846851340335784
2023-08-16,1.6866838768816097e-06,0.0003026267454238952,0.9996956865706991,state_2,0.0027788754398542143
2023-08-17,3.0041286188336193e-06,0.00038373722554665025,0.9996132586458344,state_2,0.0034431709388578857
2023-08-18,1.102967783419123e-06,0.0001421190695822668,0.9998567779626344,state_2,0.001417352604191391
2023-08-21,1.14796152605096e-06,0.0001784776788765642,0.9998203743595974,state_2,0.0017357600138004077
2023-08-22,4.512129472898654e-07,0.00012056487313599185,0.9998789839139167,state_2,0.0012154973255691294
2023-08-23,5.6799210760080776e-06,0.0008065997567062217,0.9991877203222177,state_2,0.006625709388355553
2023-08-24,2.1183027578674337e-05,0.006491875048212574,0.9934869419242088,state_2,0.03942067838976193
2023-08-25,6.782130454787289e-07,0.0005449794065150221,0.9994543423804395,state_2,0.0046505327615006045
2023-08-28,5.200444792495957e-07,0.0004290932970494341,0.9995703866584713,state_2,0.003764164885139144
2023-08-29,1.605472202031195e-05,0.007643408289312606,0.9923405369886674,state_2,0.045060587182692964
2023-08-30,5.285673347205171e-07,0.0008746242401539133,0.9991248471925114,state_2,0.007041264867757542
2023-08-31,2.3960614872402113e-06,0.0007957210020539129,0.9992018829364588,state_2,0.006507281051117698
2023-09-01,4.936317733999159e-07,0.0003955005013979839,0.9996040058668286,state_2,0.0035019721956608195
2023-09-05,9.123321919727418e-07,0.00045863658197704967,0.999540451085831,state_2,0.003997786523489236
2023-09-06,1.4163094359620479e-06,0.0008344477156410858,0.999164135974923,state_2,0.0067697719707124305
2023-09-07,1.313229608175324e-06,0.0004836777913245615,0.9995150089790672,state_2,0.004195099050706144
2023-09-08,4.156100403712871e-07,0.00028041040775975487,0.9997191739821999,state_2,0.0025804419465797306
2023-09-11,9.028773295783465e-07,0.00047143811873991023,0.9995276590039304,state_2,0.004095880645950315
2023-09-12,1.1201494405770307e-06,0.0006732259670330007,0.9993256538835265,state_2,0.005606325439766944
2023-09-13,5.11472479352587e-07,0.0002040585636006612,0.99979542996392,state_2,0.0019458650271090786
2023-09-14,1.6135053925390284e-06,0.00036792537422658853,0.9996304611203808,state_2,0.003300407961268602
2023-09-15,0.9659464546943222,0.03401706270156378,3.648260411359936e-05,state_0,0.14884788153033995
2023-09-18,0.0015083835437073383,0.08281317167780451,0.9156784447784883,state_2,0.29676320778775983
2023-09-19,1.2426813328227858e-06,0.0034643489131259454,0.9965344084055412,state_2,0.023102813121024874
2023-09-20,2.544785633770864e-06,0.002152478467137366,0.9978449767472289,state_2,0.01540414163684382
2023-09-21,0.00011357540632001811,0.04566649260376665,0.9542199319899131,state_2,0.186692030376735
2023-09-22,6.555918998780586e-07,0.0022846373634390236,0.9977147070446611,state_2,0.01618614554119748
2023-09-25,4.330263514851727e-07,0.0003379450727575355,0.9996616219008909,state_2,0.003045734721869868
2023-09-26,3.0432539902010448e-05,0.013308386741228298,0.9866611807188699,state_2,0.07104968218602306
2023-09-27,1.1013221239922468e-06,0.0005067868742424282,0.9994921118036336,state_2,0.004368073106614958
2023-09-28,1.5925319576860683e-06,0.0002946181001964565,0.9997037893678459,state_2,0.0027126226052948915
2023-09-29,1.2544713436746854e-06,0.00027766785711620884,0.9997210776715402,state_2,0.002569775842266646
2023-10-02,1.3174869149617575e-06,0.00024111395114315671,0.9997575685619419,state_2,0.0022687778378372636
2023-10-03,3.7840284354679875e-05,0.006850003109541337,0.9931121566061039,state_2,0.04138639526234704
2023-10-04,3.224144689516244e-06,0.0015651922323182178,0.9984315836229923,state_2,0.011718699820063048
2023-10-05,9.044926351284151e-07,0.000545957512542798,0.999453137994822,state_2,0.004661061356454107
2023-10-06,2.0740514580144565e-05,0.005376860939045642,0.9946023985463742,state_2,0.03370425812402812
2023-10-09,1.2254981300165944e-06,0.0018354251089965762,0.9981633493928733,state_2,0.013415702255335744
2023-10-10,1.8178755640677149e-06,0.0014748478808465856,0.9985233342435894,state_2,0.01111443227378661
2023-10-11,2.0601056690802014e-06,0.0015490544912459697,0.9984488854030851,state_2,0.011599437242035937
2023-10-12,3.559988155522905e-06,0.0022264392826796386,0.9977700007291649,state_2,0.015869821452075182
2023-10-13,1.546662643782996e-06,0.001089021505349117,0.9989094318320071,state_2,0.008540489460883816
2023-10-16,4.428493878170761e-06,0.0028159472007538537,0.9971796243053678,state_2,0.019407514429881065
2023-10-17,2.3426622664727792e-06,0.001553042252438424,0.9984446150852951,state_2,0.011628907627576703
2023-10-18,4.825559871869925e-05,0.027648795961768193,0.9723029484395128,state_2,0.12699817535157315
2023-10-19,1.0262406961076225e-05,0.012020616031955311,0.9879691215610834,state_2,0.06522083134768697
2023-10-20,6.308438738201405e-05,0.043156280175064746,0.9567806354375535,state_2,0.17851879814531105
2023-10-23,2.7645082336258185e-06,0.007976360979620274,0.9920208745121462,state_2,0.04651856657908631
2023-10-24,3.491588415561884e-06,0.001985703591221943,0.9980108048203624,state_2,0.014385702572018003
2023-10-25,0.00010129411209829722,0.04254656126379761,0.9573521446241042,state_2,0.1769830167189131
2023-10-26,0.00014535368928709068,0.16518769006054496,0.8346669562501678,state_2,0.449576486948137
2023-10-27,1.461734276683178e-05,0.09171735914655627,0.9082680235106768,state_2,0.30666921212020387
2023-10-30,6.358780463104312e-05,0.23376972070538618,0.7661666914899831,state_2,0.544452476850389
2023-10-31,4.761125564859872e-05,0.22418638265592128,0.7757660060884302,state_2,0.5326650616974287
2023-11-01,0.0001006486120099517,0.40510126107718814,0.5947980903108019,state_2,0.6760006358548519
2023-11-02,0.0006489926800316912,0.996717747815632,0.0026332595043365476,state_1,0.023680855116509202
2023-11-03,0.00016299026771848712,0.9982743057354494,0.0015627039968322837,state_1,0.0132429343189626
2023-11-06,2.2466546273972304e-05,0.9831884767122,0.016789056741525876,state_1,0.08552722612249598
2023-11-07,2.8002499740816055e-05,0.9734852885067754,0.026486708993483696,state_1,0.12262981685145673
2023-11-08,2.4809531932412552e-05,0.9611945132279875,0.03878067724007995,state_1,0.16433643944540186
2023-11-09,3.528444950640863e-05,0.9870376763822092,0.012927039168284322,state_1,0.06945206387468385
2023-11-10,4.133683962688383e-05,0.9991610387169674,0.000797624443405882,state_1,0.006946004484920269
2023-11-13,1.3481728194984448e-05,0.9895179309185937,0.010468587353211378,state_1,0.05830835357928443
2023-11-14,0.000351447592739302,0.9996392456364873,9.306770773427278e-06,state_1,0.003263726907893054
2023-11-15,6.261418959520123e-05,0.9972649132226772,0.0026724725877273954,state_1,0.019171090710575326
2023-11-16,3.350904761850298e-05,0.9902834851094128,0.009683005842968814,state_1,0.054918228695697305
2023-11-17,3.0451775221596108e-05,0.9521496665899151,0.04781988163486328,state_1,0.19239092109041495
2023-11-20,3.0601386957825836e-05,0.9211699608974575,0.07879943771558447,state_1,0.2761735194358491
2023-11-21,1.8789233636776215e-05,0.8546687675464375,0.14531244321992587,state_1,0.41471143353053264
2023-11-22,8.49690130462027e-06,0.3797793112079841,0.6202121918907112,state_2,0.6640596316300688
2023-11-24,5.569401170164532e-06,0.19977939316812687,0.8002150374307032,state_2,0.5001681534025029
2023-11-27,8.59019757056862e-07,0.007536617759522143,0.9924625232207208,state_2,0.04435984691580664
2023-11-28,5.940706065333854e-07,0.00038216777756806586,0.9996172381518255,state_2,0.0033987323115331
2023-11-29,9.464526400755609e-06,0.0008542866252900087,0.9991362488483092,state_2,0.007008606549610368
2023-11-30,0.00343766912713421,0.02007709695194821,0.9764852339209177,state_2,0.12120268587112867
2023-12-01,1.8360189089361218e-05,0.0011238978059703725,0.9988577420049404,state_2,0.008974165775786245
2023-12-04,8.666606353613813e-06,0.00048529890071535544,0.9995060344929311,state_2,0.004298054173159912
2023-12-05,9.823693705233012e-07,0.00012415235310399197,0.9998748652775256,state_2,0.0012553427009474917
2023-12-06,4.294089271743805e-06,0.0003213485555985943,0.9996743573551296,state_2,0.002963258486012424
2023-12-07,1.8700551073167302e-06,0.00023655875129349667,0.9997615711935992,state_2,0.002238168836385535
2023-12-08,6.345617147386104e-07,8.278229566649844e-05,0.9999165831426188,state_2,0.0008705641126570164
2023-12-11,8.504378655636647e-07,4.833849331513887e-05,0.9999508110688193,state_2,0.0005414279854957783
2023-12-12,8.82987556207157e-07,4.842213367159481e-05,0.9999506948787722,state_2,0.0005427134139585055
2023-12-13,0.007208123259756732,0.0048854265869993545,0.9879064501532437,state_2,0.07357232167931341
2023-12-14,0.9605770351099822,0.015024524331358756,0.024398440558658724,state_0,0.19230665802169344
2023-12-15,0.9999997427463028,2.5725369634757146e-07,7.416567133269641e-16,state_0,4.160616271251871e-06
2023-12-18,0.011454799743849524,0.01124853285460106,0.9772966674015496,state_2,0.12411709648149441
2023-12-19,1.0118931246921772e-05,0.00011186234799173644,0.9998780187207612,state_2,0.0012561033591222265
2023-12-20,7.60468228490814e-05,0.003003187764365127,0.9969207654127861,state_2,0.0212384868989497
2023-12-21,1.1778442980167591e-06,0.00021460814520565366,0.9997842140104964,state_2,0.0020445723574712728
2023-12-22,1.7639227129370763e-07,6.137026883174608e-05,0.999938453338897,state_2,0.0006594925373594725
2023-12-26,1.9623462919897216e-07,9.226378414872365e-05,0.9999075399812221,state_2,0.000952696179797496
2023-12-27,1.5607809738646954e-07,6.754233511544555e-05,0.9999323015867873,state_2,0.0007187348812356918
2023-12-28,1.570978275769573e-07,7.024995173133928e-05,0.9999295929504411,state_2,0.0007446976945765613
2023-12-29,2.31085200385351e-07,7.785662950334502e-05,0.9999219122852963,state_2,0.0008181894190038905
2024-01-02,1.0663070643456427e-06,0.00017778493719368678,0.9998211487557419,state_2,0.0017286599142259157
2024-01-03,3.3904346246564713e-06,0.0004429214440496161,0.9995536881213257,state_2,0.0039092049870072185
2024-01-04,7.669419472652189e-07,0.00016822379243756634,0.9998310092656152,state_2,0.001641676638954501
2024-01-05,8.538157028398097e-07,0.00012504432770653768,0.9998741018565906,state_2,0.0012615747035627418
2024-01-08,1.1723242585146658e-05,0.0013021037767426014,0.9986861729806722,state_2,0.01009695178963168
2024-01-09,4.962193379502118e-07,0.00019480388796922082,0.9998046998926928,state_2,0.001866794646955164
2024-01-10,6.423567352948981e-07,0.00019799376485387524,0.9998013638784108,state_2,0.001896122477681862
2024-01-11,8.099276832529749e-07,0.00020328131707755232,0.9997959087552392,state_2,0.0019435088833810667
2024-01-12,3.3404679417147014e-07,8.036412024738303e-05,0.9999193018329584,state_2,0.0008434249002806923
2024-01-16,4.420609047639007e-06,0.0003106233425133507,0.9996849560484391,state_2,0.0028783798769310867
2024-01-17,1.8996091618087844e-06,0.0002806224171060325,0.9997174779737322,state_2,0.0026025778824867838
2024-01-18,4.686776059891092e-06,0.00044703244446803246,0.999548280779472,state_2,0.00395703483517129
2024-01-19,4.698581499729614e-05,0.0027241891887127083,0.9972288249962902,state_2,0.019323505915637796
2024-01-22,4.28724599076292e-06,0.0002649213187062333,0.999730791435303,state_2,0.002504074672440018
2024-01-23,1.0133922627633963e-06,7.859297335082932e-05,0.9999203936343865,state_2,0.000836390377685304
2024-01-24,4.472321515586879e-06,0.0001611434636235277,0.9998343842148609,state_2,0.001627990946758804
2024-01-25,1.9177019153748004e-06,0.00011121957240282026,0.9998868627256817,state_2,0.001150919688708614
2024-01-26,2.4479673436947067e-07,5.0780337348722347e-05,0.9999489748659169,state_2,0.0005568663768846614
2024-01-29,6.966173611407536e-07,9.410452567401928e-05,0.9999051988569648,state_2,0.0009771254979347639
2024-01-30,7.424076945213263e-07,8.07578433325419e-05,0.999918499748973,state_2,0.0008530411974290124
2024-01-31,0.0016126920362676876,0.04721510992831365,0.9511721980354187,state_2,0.20213488438173388
2024-02-01,0.0001124222041627462,0.021474293563341035,0.9784132842324961,state_2,0.10485489726307762
2024-02-02,9.165015418402918e-06,0.003664326083032731,0.996326508901549,state_2,0.024326661956337398
2024-02-05,2.6674562231993035e-06,0.0007854803377156213,0.9992118522060611,state_2,0.00643764020107433
2024-02-06,9.484399504785025e-06,0.0006056252248930531,0.9993848903756021,state_2,0.005211843879474001
2024-02-07,0.00028115186846465446,0.004584594789385632,0.9951342533421497,state_2,0.03184104888035104
2024-02-08,6.218724567931456e-06,0.000707799072064239,0.999285982203368,state_2,0.005922227170288838
2024-02-09,1.8574942348426962e-06,0.0003013338347553898,0.9996968086710097,state_2,0.0027706587141682385
2024-02-12,9.256504798394575e-07,0.00021895402232286992,0.9997801203271973,state_2,0.002077763994033445
2024-02-13,0.0001473020347256779,0.01761021571912138,0.9822424822461533,state_2,0.0900310846011482
2024-02-14,5.880766156459117e-06,0.003736449364080532,0.9962576698697629,state_2,0.024691475946227427
2024-02-15,6.015215820905923e-06,0.0013243484436302466,0.998669636340549,state_2,0.010178026751874871
2024-02-16,1.934490548145955e-06,0.0006559464191861509,0.9993421190902657,state_2,0.0054908282857874
2024-02-20,4.926377624176982e-06,0.0012317828533049472,0.9987632907690708,state_2,0.009548222849913166
2024-02-21,1.2764251979067153e-06,0.0004925222264626339,0.9995062013483395,state_2,0.004262034628292492
2024-02-22,0.0031414189348788536,0.3119519751111503,0.6849066059539701,state_2,0.6407175025559277
2024-02-23,8.324141155005467e-06,0.10185887995447708,0.8981327959043679,state_2,0.32925304993157956
2024-02-26,5.4895223961306185e-06,0.044828179504703136,0.9551663309729007,state_2,0.18306760338163638
2024-02-27,5.9409269767816985e-06,0.016367895958689434,0.9836261631143337,state_2,0.08362242138973632
2024-02-28,4.1513449244640126e-06,0.00739254764845807,0.9926033010066174,state_2,0.04369804188128595
2024-02-29,0.0016192248902967095,0.038896418930980094,0.9594843561787234,state_2,0.1763793562544804
2024-03-01,0.00020608979065716028,0.02642221320666777,0.9733716970026749,state_2,0.12402614370102318
2024-03-04,5.675146921533646e-05,0.00853795763664718,0.9914052908941374,state_2,0.04978080316347519
2024-03-05,6.291809458148333e-05,0.012618549792313619,0.987318532113105,state_2,0.06838507640118653
2024-03-06,3.643237422144246e-05,0.006090368772794119,0.9938731988529846,state_2,0.03754758983625715
2024-03-07,1.992731439667282e-05,0.004459073933416546,0.9955209987521869,state_2,0.028820775773325945
2024-03-08,1.3789731840371278e-05,0.004360534640114992,0.9956256756280445,state_2,0.02821927810220395
2024-03-11,2.3928779937244615e-06,0.001296113876778852,0.9987014932452274,state_2,0.00994569820198693
2024-03-12,3.0281652429561603e-05,0.006367739597521841,0.9936019787500485,state_2,0.03889113332323681
2024-03-13,6.7547999482607865e-06,0.0015979889330293116,0.9983952562670225,state_2,0.01197333876561663
2024-03-14,4.148780219254227e-05,0.0026191619140948637,0.9973393502837128,state_2,0.018646381578492546
2024-03-15,0.9988340023079086,0.0011659927647537608,4.9273383011736456e-09,state_0,0.009040739710715
2024-03-18,0.0156075474213695,0.15389702997556157,0.8304954226030687,state_2,0.5071916103101084
2024-03-19,1.797693977099999e-05,0.011771010242447923,0.9882110128177811,state_2,0.06420383338152462
2024-03-20,8.324439551288639e-06,0.0026188811507032866,0.9973727944097455,state_2,0.018290386363827436
2024-03-21,3.1429164442959884e-06,0.00021016979586281853,0.9997866872876929,state_2,0.002032744511431301
2024-03-22,2.7575360169706016e-07,6.784305199002239e-05,0.9999318811944082,state_2,0.0007234602883392403
2024-03-25,2.968074963303005e-07,7.509258928343676e-05,0.9999246106032202,state_2,0.0007929860776495193
2024-03-26,9.745033579546071e-07,0.00011700822322098044,0.9998820172734211,state_2,0.001190770805566521
2024-03-27,2.2490903373304184e-06,0.0002098710404688303,0.9997878798691939,state_2,0.0020187484915708226
2024-03-28,1.2982495234489409e-06,0.00012920512747451051,0.9998694966230021,state_2,0.0013050088071571266
2024-04-01,2.686094367611169e-07,7.102906893736264e-05,0.9999287023216259,state_2,0.0007538587935005474
2024-04-02,2.240118477078472e-06,0.00030371458792706463,0.9996940452935958,state_2,0.0027949622196559985
2024-04-03,5.011722820947909e-07,5.999316643790055e-05,0.99993950566128,state_2,0.0006509730350802504
2024-04-04,2.044124071757702e-05,0.001847473699319066,0.9981320850599633,state_2,0.013714774405270747
2024-04-05,1.536302403769633e-06,0.0003563149607300589,0.9996421487368661,state_2,0.003207384662856788
2024-04-08,2.4525478362031594e-07,8.278465587057748e-05,0.9999169700893458,state_2,0.0008648746315319716
2024-04-09,2.9035416679794493e-07,7.767404764618984e-05,0.999922035598187,state_2,0.0008173605078579462
2024-04-10,3.523677146535002e-06,0.000449726532569261,0.9995467497902842,state_2,0.003963375097065985
2024-04-11,7.373127053261382e-07,0.00015038763898349443,0.9998488750483112,state_2,0.001485280837267574
2024-04-12,5.288744624539027e-05,0.008466202726248808,0.9914809098275059,state_2,0.04940145272370627
2024-04-15,2.2860317812489895e-05,0.009882377780810407,0.990094761901377,state_2,0.05572726553689335
2024-04-16,2.4784934005163744e-06,0.001180661671909069,0.9988168598346904,state_2,0.00917407550960397
2024-04-17,1.2934006803080313e-06,0.0005969771848554169,0.9994017294144641,state_2,0.0050473665479261656
2024-04-18,6.388859987397776e-07,0.0002114012458732194,0.9997879598681281,state_2,0.0020099554656780945
2024-04-19,4.11193374404354e-06,0.0008287626463747633,0.9991671254198813,state_2,0.006764071242453409
2024-04-22,3.4140196067930062e-06,0.0007866979737485107,0.9992098880066447,state_2,0.006455828633786109
2024-04-23,1.1636696929435384e-05,0.003480800295330947,0.9965075630077396,state_2,0.023321585724339768
2024-04-24,1.3716040751456513e-06,0.0010498054369545747,0.9989488229589703,state_2,0.008269913785059441
2024-04-25,3.385026425447538e-06,0.0011132111399875314,0.9988834038335871,state_2,0.008729010454400365
2024-04-26,5.252472848330066e-06,0.002482787101615414,0.9975119604255364,state_2,0.017441479559035394
2024-04-29,1.1898753432189003e-06,0.0011536780237026913,0.9988451321009542,state_2,0.008974833937409703
2024-04-30,0.00044501715574752764,0.12648680090804829,0.8730681819362037,state_2,0.38347236845906363
2024-05-01,8.522754115818708e-05,0.1603685557092451,0.8395462167495966,state_2,0.44114944781672716
2024-05-02,0.00010330754986874427,0.22598430908874323,0.773912383361388,state_2,0.5354033953050278
2024-05-03,6.273869494276384e-05,0.3427741389593848,0.6571631223456725,state_2,0.6435019186129693
2024-05-06,2.8588248386523834e-05,0.41406349371448486,0.5859079180371284,state_2,0.6786158328022469
2024-05-07,2.202105863430303e-05,0.3215182404841689,0.6784597384571969,state_2,0.6282581941743117
2024-05-08,1.0314141428672526e-05,0.1513441115283279,0.8486455743302433,state_2,0.4251605660115899
2024-05-09,6.690552568556426e-06,0.06007813896603085,0.9399151704814005,state_2,0.22726846320036753
2024-05-10,1.5520251790298968e-06,0.006379417170282085,0.9936190308045388,state_2,0.03862723024006772
2024-05-13,5.710636183760438e-06,0.0014180327222113502,0.998576256641605,state_2,0.010791820912579906
2024-05-14,8.549493092225223e-05,0.003883537110408121,0.9960309679586697,state_2,0.02631952970018707
2024-05-15,6.750241070577739e-05,0.006273387843690433,0.993659109745604,state_2,0.03878409544189458
2024-05-16,1.5408310600447415e-06,0.0008678096558648077,0.9991306495130752,state_2,0.00700725100772542
2024-05-17,5.589490234307828e-07,0.0002102098810366071,0.9997892311699399,state_2,0.001998725928900408
2024-05-20,3.901473875504939e-07,0.0001604175580569805,0.9998391922945554,state_2,0.0015682374536631566
2024-05-21,5.788910516965633e-07,0.00012861301518915925,0.9998708080937592,state_2,0.0012897034280526184
2024-05-22,1.0710451571589432e-06,0.0002057794801148703,0.999793149474728,state_2,0.0019683540485892948
2024-05-23,2.7030126447989396e-06,0.0005472167312690999,0.9994500802560861,state_2,0.004694386111660958
2024-05-24,3.754639661003409e-07,0.00017865581192340113,0.9998209687241105,state_2,0.001726378766932613
2024-05-28,7.148198475019058e-07,0.00015788024937352546,0.999841404930779,state_2,0.0015507302672654077
2024-05-29,9.027886962843967e-07,0.00013331577137930492,0.9998657814399244,state_2,0.0013363229991494737
2024-05-30,1.2879958954896897e-06,0.00014526676722272186,0.9998534452368818,state_2,0.0014477258904809708
2024-05-31,0.00945503074521046,0.013436210437041232,0.9771087588177484,state_2,0.12460648821845116
2024-06-03,4.5982328260552415e-06,0.00016905260049891442,0.999826349166675,state_2,0.0016984199542542705
2024-06-04,5.515213717091506e-07,2.9517084459384895e-05,0.9999699313941689,state_2,0.00034589506884535084
2024-06-05,2.5550686952114897e-06,0.0001442631028577489,0.9998531818284472,state_2,0.0014555545055711665
2024-06-06,3.931246437083237e-07,4.1685174833531365e-05,0.9999579217005228,state_2,0.00046828586801622826
2024-06-07,4.98796267339336e-07,4.5464198599492493e-05,0.9999540370051332,state_2,0.0005077776768481739
2024-06-10,4.2932403566714857e-07,3.989739580521835e-05,0.9999596732801591,state_2,0.0004507489313352537
2024-06-11,3.801146549653821e-07,3.806785109924744e-05,0.9999615520342457,state_2,0.0004314501816990351
2024-06-12,2.9681894205615095e-06,0.00012948276229307102,0.9998675490482865,state_2,0.0013293448546241975
2024-06-13,3.525300477996999e-07,2.8698785878794175e-05,0.9999709486840734,state_2,0.0003344395528651457
2024-06-14,2.8252234041217214e-07,2.704560084658512e-05,0.999972671876813,state_2,0.00031605330409774054
2024-06-17,5.87014679578108e-07,4.699919563933529e-05,0.999952413789681,state_2,0.0005243725390524764
2024-06-18,3.600872466046435e-07,3.236954784015523e-05,0.9999672703649133,state_2,0.0003727175372755923
2024-06-20,8.519215269105153e-07,5.63792919161507e-05,0.999942768786557,state_2,0.0006207174874025583
2024-06-21,0.9885315973566595,0.010478457420025561,0.0009899452233151052,state_0,0.06601604557981741
2024-06-24,0.002694938431652,0.010788767472273407,0.9865162940960744,state_2,0.0782016912224706
2024-06-25,7.8069827288023e-07,6.167291346233819e-05,0.9999375463882648,state_2,0.0006712672890003839
2024-06-26,3.8656380330617067e-07,2.4522001256248713e-05,0.9999750914349405,state_2,0.0002909403338564824
2024-06-27,4.753800487081247e-07,1.8874428667535014e-05,0.9999806501912837,state_2,0.00023158117205548037
2024-06-28,0.99943763505721,0.0005596776373646445,2.6873054258391727e-06,state_0,0.004787626645655424
2024-07-01,0.0021986002148572967,0.003731143808057013,0.9940702559770859,state_2,0.040228393219118384
2024-07-02,7.372842271557391e-07,2.5315154336041686e-05,0.9999739475614368,state_2,0.0003044010792637489
2024-07-03,3.0717580074247715e-07,3.403157512418274e-05,0.999965661249075,state_2,0.0003890689147697319
2024-07-05,5.24167397958204e-07,1.2528303132705151e-05,0.9999869475294693,state_2,0.0001620460834147952
2024-07-08,3.385907766387644e-07,1.0382648180010215e-05,0.9999892787610434,state_2,0.00013491044432945617
2024-07-09,3.7925718742348416e-07,1.0331367740924583e-05,0.9999892893750716,state_2,0.000134925372969151
2024-07-10,1.3797864144897044e-06,3.053295534862324e-05,0.9999680872582369,state_2,0.00036797259106951315
2024-07-11,5.36112103443193e-06,0.0001405259813956254,0.99985411289757,state_2,0.0014574228946852518
2024-07-12,9.022280403754896e-07,2.7685348316272686e-05,0.9999714124236434,state_2,0.0003316915936653159
2024-07-15,5.323913165036291e-07,2.1076427036110818e-05,0.9999783911816474,state_2,0.00025623682899240165
2024-07-16,3.179324493927491e-06,5.3080076347024284e-05,0.999943740599159,state_2,0.0006190092045623575
2024-07-17,6.395324142557048e-05,0.002081697107840082,0.9978543496507345,state_2,0.015614554422857564
2024-07-18,3.5205972887231875e-06,0.00034645713400124624,0.99965002226871,state_2,0.003154608533969104
2024-07-19,1.4826245013356496e-06,0.00022367434668572043,0.999774843028813,state_2,0.002125085277393168
2024-07-22,1.374562593177094e-06,0.0002892158647483433,0.9997094095726584,state_2,0.0026657295816014904
2024-07-23,4.0087234600549084e-07,0.00011726486005578262,0.9998823342675982,state_2,0.0011849366004991041
2024-07-24,0.005555035913379076,0.7750114185041918,0.21943354558242956,state_1,0.55919670815855
2024-07-25,0.00025120660152506405,0.801355090498737,0.1983937028997377,state_1,0.5004454700724522
2024-07-26,4.0351522381441015e-05,0.7918708248195587,0.20808882365805972,state_1,0.5118526796043199
2024-07-29,1.146556681524012e-05,0.48631804336428786,0.5136704910688968,state_2,0.6929070037363847
2024-07-30,1.719073991547904e-05,0.35023377137521033,0.6497490378848739,state_2,0.6477896134470084
2024-07-31,0.00044423669985048847,0.9659182673393838,0.033637495960765464,state_1,0.15102558570530417
2024-08-01,0.00019916288349751835,0.9994049015099641,0.0003959356065384767,state_1,0.005393927578186158
2024-08-02,0.0006594120138345399,0.9993387531610406,1.8348251249291567e-06,state_1,0.005514903986794573
2024-08-05,0.0035525342453940115,0.9964474657370831,1.7523215469846313e-11,state_1,0.023582844250451943
2024-08-06,0.00014253878810345773,0.9998554053521618,2.0558597345438772e-06,state_1,0.0014338140395203163
2024-08-07,7.056090284896986e-05,0.9999207114699915,8.72762715971201e-06,state_1,0.0008554477581496737
2024-08-08,9.570186467707472e-05,0.9999042936479561,4.487366747507381e-09,state_1,0.0009814391890135628
2024-08-09,1.3228592178909588e-05,0.9999847442986158,2.0271092050867263e-06,state_1,0.00019042725212231696
2024-08-12,1.0781437380221273e-05,0.9999866740128308,2.54454978885007e-06,state_1,0.00016941834205033755
2024-08-13,3.068686029384466e-05,0.9999692865356581,2.660404793600054e-08,state_1,0.00035006493545214313
2024-08-14,1.165927032513358e-05,0.999987355844034,9.848856411334022e-07,state_1,0.00015870819333769836
2024-08-15,3.273651581355166e-05,0.999967244141289,1.9342897346193754e-08,state_1,0.00037116950455486905
2024-08-16,1.1905021974757541e-05,0.9999876843769128,4.1060111237791015e-07,state_1,0.0001533393905556084
2024-08-19,1.2423308733706614e-05,0.9999873937647689,1.8292649739090447e-07,state_1,0.00015577701241020482
2024-08-20,9.268263603671756e-06,0.9999904252465506,3.0648984572131045e-07,state_1,0.000121580581762094
2024-08-21,8.463478024488438e-06,0.9999823680853254,9.168436650163375e-06,state_1,0.00022283458561811706
2024-08-22,1.01232817035413e-05,0.9999882918484995,1.5848697971495715e-06,state_1,0.00014929858145166751
2024-08-23,1.2966460409952977e-05,0.9999849315478821,2.1019917077431876e-06,state_1,0.00018846034110432433
2024-08-26,7.834658743684589e-06,0.999988289864468,3.875476788385406e-06,state_1,0.00015211348685137996
2024-08-27,6.7598165187105345e-06,0.9999878044172061,5.435766275235936e-06,state_1,0.0001585629756368113
2024-08-28,8.875214064794645e-06,0.9999826231071912,8.50167874396969e-06,state_1,0.00021987463232301107
2024-08-29,7.737209463670198e-06,0.9999380812499734,5.418154056276467e-05,state_1,0.0006852141829751274
2024-08-30,4.6552678716606806e-05,0.9998659699692579,8.74773520256034e-05,state_1,0.0014157803788037299
2024-09-03,7.544664460063353e-05,0.999915340341485,9.21301391419963e-06,state_1,0.0009076259419584447
2024-09-04,1.5408150443497346e-05,0.9931309456607121,0.0068536461888444675,state_1,0.041167683987805986
2024-09-05,1.720554819248906e-05,0.9884709052189625,0.011511889232845173,state_1,0.06304451723876979
2024-09-06,5.413085783558751e-05,0.999677718182202,0.00026815095996245283,state_1,0.0030592800628350594
2024-09-09,4.068448253755292e-05,0.9977959191204387,0.0021633963970235175,state_1,0.015887721011260895
2024-09-10,2.8848125253170885e-05,0.9927495920539581,0.007221559820788696,state_1,0.04313285455266559
2024-09-11,4.457109731215659e-05,0.992835774300282,0.007119654602405595,state_1,0.042790985354492904
2024-09-12,2.7033512954038566e-05,0.9869779407218138,0.012995025765232272,state_1,0.06966110014309294
2024-09-13,2.366281352985782e-05,0.941135880196369,0.05884045699010113,state_1,0.22403928119399863
2024-09-16,1.7769960430730746e-05,0.8417467857042279,0.15823544433534134,state_1,0.43694130209649795
2024-09-17,1.4225683166085653e-05,0.5896402559436666,0.4103455183731675,state_1,0.677149533152194
2024-09-18,1.4354162247409249e-05,0.3747761260995074,0.625209519738245,state_2,0.6616164533511599
2024-09-19,0.00015523844661696456,0.9557789597037026,0.044065801849680085,state_1,0.18216665037822957
2024-09-20,0.938829899662394,0.061170100326582634,1.1024089098905092e-11,state_0,0.23017503058845973
2024-09-23,0.0062783119360761384,0.5953419016277064,0.39837978643621713,state_1,0.7072396502977086
2024-09-24,3.466956034147665e-05,0.42468098507782237,0.5752843453618364,state_2,0.6821295147023088
2024-09-25,1.0024896283726805e-05,0.25872721261455434,0.7412627624891618,state_2,0.5718438215979182
2024-09-26,6.32637521801314e-05,0.2785969276319163,0.7213398086159035,state_2,0.5922775302167361
2024-09-27,1.2329792428470386e-05,0.15759754999730766,0.8423901202102638,state_2,0.4358140942069802
2024-09-30,5.536678334655622e-05,0.14651871116171059,0.8534259220549429,state_2,0.4172118794367399
2024-10-01,1.4501874248708545e-05,0.040971355749556064,0.9590141423761952,state_2,0.17119444102608367
2024-10-02,1.4494453225457932e-06,0.0022928736172715585,0.997705676937406,state_2,0.016247145720141118
2024-10-03,7.80727130329962e-07,0.000420439936145231,0.9995787793367245,state_2,0.003700699239579953
2024-10-04,8.750800568656005e-07,0.00012184948650396686,0.9998772754334393,state_2,0.001233119274391183
2024-10-07,2.2384387805150194e-06,0.0004118170403625221,0.999585944520857,state_2,0.00365317680716935
2024-10-08,1.017693237930146e-06,0.00022141567134218468,0.99977756663542,state_2,0.002099767391817466
2024-10-09,9.208369507307666e-07,0.00013743103041583525,0.9998616481326335,state_2,0.0013732301681334085
2024-10-10,2.4360520165367063e-07,8.385642462483528e-05,0.9999158999701735,state_2,0.0008749163618200872
2024-10-11,3.250034674654891e-07,9.032910275093047e-05,0.9999093458937817,state_2,0.0009366545625005635
2024-10-14,3.7520367391101084e-07,0.0001328207225685458,0.9998668040737575,state_2,0.0013243640392874348
2024-10-15,2.8041818616744774e-06,0.0005082855830307434,0.9994889102351076,state_2,0.004401884195690303
2024-10-16,4.786238596573933e-07,0.00014426399953723894,0.9998552573766031,state_2,0.0014275486737916332
2024-10-17,2.9867317090646e-07,4.812349077812985e-05,0.9999515778360509,state_2,0.0005313394714756726
2024-10-18,2.861813890617336e-07,4.6045749067773924e-05,0.9999536680695432,state_2,0.000510449748651899
2024-10-21,2.836022690582976e-07,5.2035389580259795e-05,0.9999476810081507,state_2,0.0005698486902320401
2024-10-22,2.3624851336506638e-07,4.646791854680869e-05,0.9999532958329398,state_2,0.0005139065787121716
2024-10-23,1.5424940421852199e-06,0.0003009468066093049,0.9996975106993484,state_2,0.0027633357346526334
2024-10-24,3.725339605409537e-07,7.1366133307258e-05,0.9999282613327322,state_2,0.0007586322030808642
2024-10-25,3.3284199339327114e-07,6.952305833885785e-05,0.9999301440996677,state_2,0.0007404214747934647
2024-10-28,5.384113899025977e-07,7.592029753344755e-05,0.9999235412910766,state_2,0.0008043943310941929
2024-10-29,8.383123122581885e-07,6.19142394667071e-05,0.9999372474482211,state_2,0.0006744142875856552
2024-10-30,9.21453992732771e-07,8.362137757709626e-05,0.9999154571684301,state_2,0.000882483780376259
2024-10-31,0.0019460568001286227,0.09603089269384438,0.9020230505060274,state_2,0.33016805753945055
2024-11-01,1.9117761376770675e-06,0.003016925969657047,0.9969811622542053,state_2,0.02054823045354785
2024-11-04,5.755803595517938e-07,0.0002034946897710081,0.9997959297298694,state_2,0.001941997860523676
2024-11-05,6.2468796180308835e-06,0.0007793795561134128,0.9992143735642683,state_2,0.006438205929614061
2024-11-06,0.9282104124072789,0.07178772288628815,1.8647064326819144e-06,state_0,0.2582652007203484
2024-11-07,0.16439740880892584,0.7958146725178362,0.039787918673237686,state_1,0.6068535127070984
2024-11-08,0.0035036184285549424,0.9450517454837415,0.05144463608770349,state_1,0.2258685264377522
2024-11-11,0.00012482090039595114,0.8673446320152082,0.1325305470843961,state_1,0.39239805135620776
2024-11-12,7.184900914384318e-05,0.6863719895588682,0.3135561614319878,state_1,0.6226468391701226
2024-11-13,4.335098653405328e-05,0.37853147677898025,0.6214251722344855,state_2,0.6637988751668711
2024-11-14,3.7233891034041764e-05,0.2806765652967743,0.7192862008121917,state_2,0.5939958611851762
2024-11-15,0.0003265580918754377,0.8962123079166875,0.10346113399143711,state_1,0.33553406439402733
2024-11-18,4.47139292420881e-05,0.8295614762404244,0.17039380983033334,state_1,0.45699427946691595
2024-11-19,4.52888192793836e-05,0.770564803040506,0.22938990814021448,state_1,0.5390245947842158
2024-11-20,2.0368324011050428e-05,0.501424424381738,0.498555207294251,state_1,0.6933693231922016
2024-11-21,5.426419177595663e-05,0.4414583569738652,0.5584873788343588,state_2,0.6868328062340969
2024-11-22,3.269302649753406e-05,0.3166003934470028,0.6833669135264996,state_2,0.624638235285758
2024-11-25,0.0047471948637954784,0.9613195091862847,0.033933295949919916,state_1,0.1781295201983672
2024-11-26,5.576237606364208e-05,0.899573065469103,0.10037117215483347,state_1,0.3264937795633834
2024-11-27,1.625888759074995e-05,0.7706972158317226,0.2292865252806867,state_1,0.5386041127110557
2024-11-29,4.875753509075426e-06,0.21816552028630845,0.7818296039601823,state_2,0.5246396090347327
2024-12-02,2.147039363541495e-05,0.04116327768826896,0.9588152519180955,state_2,0.17187499759571226
2024-12-03,3.4926341912944264e-06,0.003623244888151849,0.9963732624776568,state_2,0.02402806960791636
2024-12-04,3.1516785629204103e-06,0.0007045012686507379,0.9992923470527864,state_2,0.005860611225422353
2024-12-05,3.169253079190756e-06,8.391728732844656e-05,0.9999129134595923,state_2,0.0009148325916958618
2024-12-06,1.1664647715949182e-06,3.698534357499377e-05,0.9999618481916533,state_2,0.0004315217960164775
2024-12-09,2.5299451303863397e-05,0.00030395738734658855,0.9996707431613494,state_2,0.003058626734692055
2024-12-10,1.815980788596568e-06,6.790258313771371e-05,0.9999302814360737,state_2,0.0007454121030278033
2024-12-11,9.623067144516178e-06,0.00017513409290829666,0.9998152428399473,state_2,0.0018108021428916217
2024-12-12,7.831740994021885e-07,7.843233270358247e-05,0.999920784493197,state_2,0.0008316660828807541
2024-12-13,3.7410418905580703e-07,3.4121188944783756e-05,0.9999655047068662,state_2,0.00039098759330915666
2024-12-16,1.2606665997812062e-05,7.108359180184204e-05,0.9999163097422005,state_2,0.0009048720213155318
2024-12-17,2.4004721014512617e-05,0.00014146513574655946,0.9998345301432388,state_2,0.0016746708101544828
2024-12-18,0.2168274019318187,0.7829367891487492,0.00023580891943255966,state_1,0.525010813229249
2024-12-19,0.009870634976508781,0.9604484228370465,0.0296809421864445,state_1,0.18873866859833027
2024-12-20,0.9985955232072253,0.0014044767927698099,4.4390473864003085e-15,state_0,0.010628220642156138
2024-12-23,0.010360134896922002,0.37138083633341723,0.6182590287696603,state_2,0.7124949467122523
2024-12-24,3.733175743593655e-05,0.8102063393249461,0.18975632891761784,state_1,0.48627954382328165
2024-12-26,7.907849741011703e-06,0.527842534241989,0.4721495579082701,state_1,0.6916908369607744
2024-12-27,1.987288670411739e-05,0.7684711018951115,0.23150902521818478,state_1,0.5413230808966456
2024-12-30,2.4545491704861238e-05,0.9152324581515904,0.08474299635670463,state_1,0.2904861882788075
2024-12-31,1.3045144723216704e-05,0.8811838957609914,0.11880305909428511,state_1,0.3646914822157374
2025-01-02,2.0938873632668658e-05,0.8093688713177148,0.1906101898086524,state_1,0.48734864138706346
2025-01-03,4.0778875341393704e-05,0.9555701981331912,0.04438902299146736,state_1,0.18210130286067328
2025-01-06,0.00031301782612648397,0.9964210056447145,0.003265976529158939,state_1,0.02479349264665369
2025-01-07,0.00011238939180806876,0.9993242223391041,0.000563388269087955,state_1,0.005912579544058303
2025-01-08,8.11716680428451e-05,0.9961318209032674,0.003787007428689713,state_1,0.02574227138037946
2025-01-10,0.00020660171434498456,0.9997630123880321,3.038589762306262e-05,state_1,0.0023059766364357743
2025-01-13,7.167531111003368e-05,0.9976383904791973,0.0022899342096926027,state_1,0.016963884085063937
2025-01-14,4.155760094667493e-05,0.9957170044273584,0.004241437971694711,state_1,0.02786341319870519
2025-01-15,0.00020591844384205485,0.9997863688404771,7.712715680921944e-06,state_1,0.0020522493707997177
2025-01-16,4.322622574551708e-05,0.9994937200804306,0.00046305369382376694,state_1,0.004495707126264496
2025-01-17,6.750391768954974e-05,0.9998367313627641,9.576471954651962e-05,state_1,0.0016976873246695196
2025-01-21,0.000272672023044466,0.9960773408328312,0.0036499871441244914,state_1,0.026640333732614447
2025-01-22,0.00010140700503077799,0.9847619673912618,0.015136625603707644,state_1,0.0794860331929003
2025-01-23,0.00013142217010990627,0.9733580295049887,0.02651054832490116,state_1,0.1236973372321792
2025-01-24,7.084887318552917e-05,0.9403719416821966,0.05955720944461794,state_1,0.22649088050493738
2025-01-27,0.0008507563570131149,0.9988458982784493,0.00030334536453803946,state_1,0.009625050689506512
2025-01-28,0.00015123237174223674,0.9964833637272554,0.0033654039010021937,state_1,0.024004097832290284
2025-01-29,5.544508242974059e-05,0.9806651526773938,0.019279402240176394,state_1,0.09581900357296408
2025-01-30,0.00021828324643381815,0.9775058799066575,0.022275836846908474,state_1,0.10882218810338748
2025-01-31,0.0002952643198352208,0.9887412765398313,0.01096345914033351,state_1,0.06307505281359298
2025-02-03,0.00025464038770809175,0.9953721372189205,0.0043732223933713385,state_1,0.03048091436894952
2025-02-04,0.00015317107037611825,0.9791719456273053,0.020674883302318557,state_1,0.10214955156858467
2025-02-05,0.0002890691343034036,0.9779914617083997,0.02171946915729705,state_1,0.10729584445154915
2025-02-06,0.00045111159331323505,0.9668905089954258,0.03265837941126107,state_1,0.1477761603439455
2025-02-07,0.00030474225459199933,0.990046481369187,0.009648776376220962,state_1,0.05715026346770094
2025-02-10,0.00026303875773285557,0.9108431046454168,0.08889385659685022,state_1,0.30237790999508696
2025-02-11,0.00010026132163970697,0.5766839852902834,0.423215753388077,state_1,0.6822770084276204
2025-02-12,0.0001327687087791103,0.3616911939389592,0.6381760373522615,state_2,0.6556434083706763
2025-02-13,0.0005164358944902034,0.28899384506565423,0.7104897190398557,state_2,0.6054971085597164
2025-02-14,1.4414640302959533e-05,0.02964919127311494,0.9703363940865822,state_2,0.13369526435955859
2025-02-18,3.555279774006355e-05,0.005191071324219378,0.9947733758780407,state_2,0.03288642863944497
2025-02-19,1.6531622459230005e-05,0.0010356853045627452,0.9989477830729782,state_2,0.008351626255433203
2025-02-20,7.171478804285823e-05,0.001964181359169989,0.9979641038527871,state_2,0.014960296502657257
2025-02-21,0.08720762795623722,0.6139717161281363,0.2988206559156268,state_1,0.8731881320979107
2025-02-24,0.006410557820649283,0.6888926085657762,0.3046968336135749,state_1,0.6512149131772883
2025-02-25,0.005457719219979382,0.8241441549632542,0.1703981258167668,state_1,0.4893757752893372
2025-02-26,0.0008511142676494465,0.42428093216957796,0.5748679535627726,state_2,0.6880332409226873
2025-02-27,0.002424474450590221,0.9413409453971661,0.056234580152243946,state_1,0.23336016024112763
2025-02-28,0.19799169866637742,0.8020065763438837,1.724989739672975e-06,state_1,0.49762992643372
2025-03-03,0.062447870182928036,0.9375429400795207,9.189737551465724e-06,state_1,0.23376563973607092
2025-03-04,0.06879179701184425,0.9312050621882487,3.1407999067670696e-06,state_1,0.2505451434440102
2025-03-05,0.007971808325072936,0.9918316448135039,0.00019654686142328424,state_1,0.0483308873010025
2025-03-06,0.0011555273174420329,0.9988383318729183,6.140809639696148e-06,state_1,0.009049746852041653
2025-03-07,0.0025107019717838424,0.9974606839115193,2.8614116696588652e-05,state_1,0.017867496039622996
2025-03-10,0.06319503802881915,0.9368049619628447,8.3363020809128e-12,state_1,0.23566974871904497
2025-03-11,0.04095212492839141,0.9590476697858592,2.0528574950623442e-07,state_1,0.170961694647396
2025-03-12,0.0015362867030915169,0.9984418348715463,2.1878425362353724e-05,state_1,0.011744366086072485
2025-03-13,0.00030653258919819044,0.9996910757602994,2.391650502415625e-06,state_1,0.0028197387193898693
2025-03-14,0.0004677952690318917,0.9995321732714281,3.145954025545435e-08,state_1,0.0040550715142403685
2025-03-17,0.0002102513880171761,0.9997882772549207,1.4713570622114348e-06,state_1,0.002011701615365646
2025-03-18,9.964803314078233e-05,0.9998991230123185,1.228954540925737e-06,state_1,0.001035740817226062
2025-03-19,0.0001076376207807635,0.9998916828711523,6.795080670651883e-07,state_1,0.0011014185571733136
2025-03-20,7.868433028183275e-05,0.9999192247158526,2.09095386547614e-06,state_1,0.0008516894427837868
2025-03-21,0.9999424897732154,5.751022678441575e-05,2.0203841742380455e-24,state_0,0.0006190124194471292
2025-03-24,0.08567599019141507,0.9143234360777786,5.737308059495963e-07,state_1,0.29242657636511443
2025-03-25,0.0004079247756550865,0.9995907197363424,1.3554880026011027e-06,state_1,0.0036111304173621107
2025-03-26,4.704989836597883e-05,0.9999527606620714,1.894395625503187e-07,state_1,0.000518989983640947
2025-03-27,4.684196640900659e-05,0.9999512274138163,1.930619774811199e-06,state_1,0.0005411288181255879
2025-03-28,0.0001580801911302226,0.9998419091948864,1.0613983629012628e-08,state_1,0.0015418555401014527
2025-03-31,0.00034743447476562155,0.9996521167039277,4.488213068394937e-07,state_1,0.0031216758625975936
2025-04-01,5.1558956384172185e-05,0.9999405972293615,7.843814254388695e-06,state_1,0.0006606416744603926
2025-04-02,3.910446903140678e-05,0.9999481869199962,1.2708610972383408e-05,state_1,0.0005919608048808427
2025-04-03,0.993108203693815,0.006891796306184228,2.2165386596581858e-30,state_0,0.04117138213374019
2025-04-04,0.9999999999868372,1.316276243148725e-11,3.0452446257927004e-57,state_0,3.4293777471353755e-10
2025-04-07,0.9999991497050447,8.502949555438783e-07,1.725964877209169e-31,state_0,1.2735447548752614e-05
2025-04-08,0.9998556451052477,0.00014435489475182766,5.358433718477467e-26,state_0,0.0014209088401038704
2025-04-09,1.0,1.5765725968266885e-22,5.661700714752641e-119,state_0,7.91464965125719e-21
2025-04-10,0.9999999999593419,4.065830565223454e-11,1.73292673984888e-59,state_0,1.013441363916859e-09
2025-04-11,0.99999990643441,9.356558981167285e-08,1.194975331356252e-49,state_0,1.6078875253929981e-06
2025-04-14,0.9999996680450272,3.319549731375399e-07,3.862726871457408e-47,state_0,5.2841476731142075e-06
2025-04-15,0.9999993195631861,6.804368135458905e-07,5.173250533707302e-46,state_0,1.0343000559700619e-05
2025-04-16,0.9999999730802699,2.6919729644483224e-08,9.551744194405963e-51,state_0,4.96141556961736e-07
2025-04-17,0.9999996628077916,3.3719220870864797e-07,5.220942337672637e-47,state_0,5.362237049079798e-06
2025-04-21,0.9999999849881142,1.501188563155189e-08,2.7819113774882655e-52,state_0,2.8544235214662755e-07
2025-04-22,0.9999999314579912,6.854200898342151e-08,6.044365267553096e-53,state_0,1.1991985812574268e-06
2025-04-23,0.9999999828402829,1.7159716805223283e-08,3.333236169532175e-53,state_0,3.2398748660833077e-07
2025-04-24,0.9999999793422145,2.0657785574444192e-08,1.743204849626527e-54,state_0,3.8620088643997606e-07
2025-04-25,0.999999963498613,3.650138685241273e-08,1.944573791756173e-52,state_0,6.61621056186214e-07
2025-04-28,0.9999999475784267,5.242157322427343e-08,4.5136620782304446e-51,state_0,9.312140800181393e-07
2025-04-29,0.9999999627318725,3.7268127861992804e-08,1.6084967873912125e-51,state_0,6.747442001956632e-07
2025-04-30,0.9999999895590017,1.0440998223978492e-08,2.331248132857295e-52,state_0,2.0232071084106736e-07
2025-05-01,0.9999999701144531,2.988554705149461e-08,1.0729561895944394e-51,state_0,5.476792726748101e-07
2025-05-02,0.9999980216808224,1.9783191777918638e-06,1.0303130365875924e-44,state_0,2.7960103228928094e-05
2025-05-05,0.9978775100888898,0.0021224899111102523,7.116834537973412e-30,state_0,0.015184512282141332
2025-05-06,0.9989864182837747,0.0010135817162251208,9.933175210593169e-31,state_0,0.008000968786581755
2025-05-07,0.997814183556278,0.00218581644372198,3.2179426795917047e-29,state_0,0.015573225555546393
2025-05-08,0.43971002523629193,0.5602899731086882,1.6550197569268663e-09,state_1,0.6858597328659821
2025-05-09,0.0039050056098304978,0.9960749829597346,2.0011430434643737e-05,state_1,0.025789005089973917
2025-05-12,0.07429386937813384,0.9257061306218597,6.8007218723014475e-15,state_1,0.26460684326147094
2025-05-13,0.005038146936631501,0.9949618364628723,1.6600496289919462e-08,state_1,0.03168115732458857
2025-05-14,0.00039778034404541713,0.999602133291586,8.636436879692914e-08,state_1,0.0035136574386635017
2025-05-15,0.0001830942132855055,0.9998089742310988,7.93155561579207e-06,state_1,0.0018597799876252702
2025-05-16,0.00014512100752571267,0.9998456220304087,9.256962065799758e-06,state_1,0.0015442266281041567
2025-05-19,4.4979299841118945e-05,0.9938060072351236,0.006149013465035433,state_1,0.037932460306079704
2025-05-20,9.114370748085495e-05,0.9892876397257218,0.010621216566797567,state_1,0.05977507892325353
2025-05-21,0.000769218755247619,0.9992207753257306,1.0005919021968866e-05,state_1,0.006409514923049144
2025-05-22,0.0005128840319347791,0.9985100091911725,0.0009771067768926237,state_1,0.012146456744656262
2025-05-23,0.00014377427067603714,0.9981736142069723,0.0016826115223515091,state_1,0.013844252818844875
2025-05-27,0.002674495897401267,0.9973248710698218,6.330327770255437e-07,state_1,0.01852428132036436
2025-05-28,0.00012340687368485887,0.9995368426112452,0.0003397505150698901,state_1,0.004287403853838032
2025-05-29,9.114393063997347e-05,0.9992850585566994,0.0006237975126606371,state_1,0.006166033223175646
2025-05-30,0.014864494811416587,0.9851350633069739,4.418816098238509e-07,state_1,0.07732175330652685
2025-06-02,0.0003847819356680985,0.9989623374724137,0.000652880591918182,state_1,0.008850902568317281
2025-06-03,0.0003473457459720508,0.9992433182684942,0.00040933598553381237,state_1,0.006716289685382682
2025-06-04,0.0001694688439335449,0.997782464182969,0.0020480669730974844,state_1,0.01636583995729294
2025-06-05,0.000343459374876209,0.9992638880471973,0.0003926525779265514,state_1,0.006554836003571384
2025-06-06,9.557384354783961e-05,0.998831570125316,0.0010728560311359413,state_1,0.009387920432501383
2025-06-09,0.00011610990002117512,0.9980822027965031,0.001801687303475924,state_1,0.014352944885743582
2025-06-10,0.0008547306146929358,0.9622702062644539,0.03687506312085312,state_1,0.164743148401018
2025-06-11,0.0013042428085120277,0.9466564404150369,0.05203931677645137,state_1,0.21437325998666668
2025-06-12,0.00042600450651666445,0.7741577867176005,0.22541620877588267,state_1,0.537301415749354
2025-06-13,0.0017516984377557204,0.9808926863280484,0.017355615234195983,state_1,0.10039879487369541
2025-06-16,0.0016313383288979288,0.9910173000417313,0.007351361629370403,state_1,0.05552902393574463
2025-06-17,0.000593230128971763,0.9931330444948502,0.00627372537617805,state_1,0.04306745745351949
2025-06-18,0.0008276889222801881,0.9885965278361865,0.0105757832415333,state_1,0.06532343872365627
2025-06-20,0.8948762941799453,0.10512370216479329,3.6552610571054996e-09,state_0,0.33619728406921673
2025-06-23,0.7402041979051002,0.257296252973011,0.002499549121888447,state_0,0.5869380803711369
2025-06-24,0.4938620585663071,0.5023241574267842,0.0038137840069091245,state_1,0.7155137000500262
2025-06-25,0.16865224979161453,0.7029155632289417,0.12843218697944392,state_1,0.8115659877380479
2025-06-26,0.11798095463016095,0.7514314125268083,0.1305876328430304,state_1,0.7327318977094555
2025-06-27,0.9996776354111685,0.00032236458657643923,2.2553580160554423e-12,state_0,0.002914068319082271
2025-06-30,0.953316490982667,0.044074289570239365,0.0026092194470933366,state_0,0.1986925292258642
2025-07-01,0.9842937775140296,0.01564772303034091,5.8499455629942335e-05,state_0,0.08120670450486464
2025-07-02,0.9128446493176389,0.07869256176481222,0.008462788917548902,state_0,0.32367973756789054
2025-07-03,0.0023570583739770013,0.05270980475818351,0.9449331368678395,state_2,0.22290558690949475
2025-07-07,0.002652488284475303,0.090386709553621,0.9069608021619037,state_2,0.32156419021349664
2025-07-08,0.038584329987337636,0.33229960792596563,0.6291160620866976,state_2,0.7832462846706287
2025-07-09,0.0013398202271830133,0.0822052874751086,0.9164548922977084,state_2,0.2942097991141712
2025-07-10,0.0031029400520891275,0.08426659837448518,0.9126304615734258,state_2,0.3098134344585071
2025-07-11,5.122121653469827e-05,0.009095207942049745,0.9908535708414155,state_2,0.05235805161870551
2025-07-14,3.4052365860003126e-05,0.0015579127815450518,0.9984080348525951,state_2,0.012011999130799072
2025-07-15,0.0004438971532632289,0.002788818280654628,0.996767284566082,state_2,0.023058546152223598
2025-07-16,0.0006918829895598018,0.0025852377360334705,0.9967228792744072,state_2,0.02370863620577473
2025-07-17,0.013718486255959473,0.009476358592274976,0.9768051551517657,state_2,0.12591240821643632
2025-07-18,0.002487979373315084,0.0030721887003184287,0.9944398319263664,state_2,0.03823704660250922
2025-07-21,0.0003347971069907698,0.0008996525337996232,0.9987655503592092,state_2,0.01022244390395347
2025-07-22,0.029373007595036707,0.01006928525971125,0.9605577071452515,state_2,0.1885738059236685
2025-07-23,0.3888000718783855,0.022724833068090984,0.5884750950535238,state_2,0.7653147262019939
2025-07-24,0.19444661830031656,0.015134867862466787,0.7904185138372165,state_2,0.5677524982455606
2025-07-25,0.0009531571884056764,0.0005566469843121638,0.998490195827282,state_2,0.012309846906397958
2025-07-28,2.843613957142729e-05,0.00011359129900132289,0.9998579725614273,state_2,0.0014714214113970355
2025-07-29,0.000523647179991824,0.0007095829213191643,0.9987667698986893,state_2,0.010333530142988965
2025-07-30,0.004390770685821653,0.002297964058100799,0.9933112652560774,state_2,0.044462331506436664
2025-07-31,0.7337360086726641,0.028736254443243223,0.23752773688409265,state_0,0.6706103433077688
2025-08-01,0.9718995602974075,0.027437310488384294,0.0006631292142080158,state_0,0.13121550339653845
2025-08-04,0.6767778355750037,0.23521044687566914,0.0880117175493275,state_0,0.8185300388460902
2025-08-05,0.5884607725795441,0.3405646454589409,0.07097458196151507,state_0,0.8666262390829398
2025-08-06,0.5177789375221307,0.4130390279875947,0.06918203449027421,state_0,0.8908064084077443
2025-08-07,0.25695338446199634,0.5404531872171993,0.20259342832080468,state_1,1.0051815878344579
2025-08-08,0.01818235142404404,0.2933267433462067,0.688490905229749,state_2,0.6895995214998207
2025-08-11,0.00017729031373032474,0.033337051685797855,0.9664856580004718,state_2,0.14785991398237772
2025-08-12,0.003275671508155391,0.07386869635519348,0.9228556321366512,state_2,0.2852923927544092
2025-08-13,0.001339159539753255,0.05224563557397944,0.9464152048862677,state_2,0.2152008827532569
2025-08-14,1.3124372850604846e-05,0.003402969426353423,0.996583906200796,state_2,0.022897222807254102
2025-08-15,1.8060133161943792e-05,0.0010949212651747027,0.9988870186016632,state_2,0.008773769032004398
2025-08-18,2.632047614348634e-06,0.0002984522936318001,0.9996989156587539,state_2,0.0027573624554152634
2025-08-19,1.1520627475353387e-05,0.00091904075964254,0.9990694386128821,state_2,0.00748723211104789
2025-08-20,1.0576329487582012e-05,0.0006535482178513997,0.9993358754526611,state_2,0.005577606508019677
2025-08-21,2.1121406551274694e-06,0.00033293360186911725,0.9996649542574758,state_2,0.0030285789421158464
2025-08-22,0.009989028155568673,0.08866103106812387,0.901349940776307,state_2,0.3544477817149044
2025-08-25,1.4340229966080446e-05,0.01126312150993944,0.9887225382600944,state_2,0.06190241692004768
2025-08-26,0.00015089538544138875,0.011312403003305823,0.988536701611253,state_2,0.06342561538854913
2025-08-27,4.397594272698941e-06,0.0017075566087194438,0.9982880457970078,state_2,0.012646461914453904
2025-08-28,7.259692258994631e-06,0.0010942840267570769,0.9988984562809838,state_2,0.008647292943704468
2025-08-29,6.536660433779364e-06,0.0006254579673029924,0.9993680053722633,state_2,0.005323850034373
2025-09-02,8.540740883773178e-05,0.001627483499255823,0.9982871090919063,state_2,0.012961142693266843
2025-09-03,1.2587141363161035e-05,0.00040101443145036783,0.9995863984271866,state_2,0.003692074310372031
2025-09-04,6.915536527978234e-05,0.001042059849586961,0.9988887847851332,state_2,0.008928409751978762
2025-09-05,0.0002661363033020606,0.002619019854715431,0.9971148438419827,state_2,0.0206416471165551
2025-09-08,0.0007167933551068594,0.0038510723053877672,0.9954321343395053,state_2,0.031157184574844322
2025-09-09,6.145637003565181e-05,0.0009714217394536619,0.9989671218905108,state_2,0.008366807782179714
2025-09-10,0.0010698611833479612,0.0027679848271869277,0.9961621539894652,state_2,0.027450987041307356
2025-09-11,0.012366740689640988,0.016379631232565896,0.9712536280777929,state_2,0.15000151500083508
2025-09-12,7.431594188641935e-05,0.0010585074658822455,0.9988671765922315,state_2,0.009090440877790618
2025-09-15,0.00031499033863554806,0.0016850258441531752,0.9979999838172117,state_2,0.015298303888704736
2025-09-16,0.0018923202218363135,0.005421129680569583,0.9926865500975939,state_2,0.047435876125645204
2025-09-17,0.07788743424929125,0.04568747352257487,0.8764250922281344,state_2,0.4553993546805277
2025-09-18,0.03328422583398107,0.025993586695408754,0.9407221874706102,state_2,0.2656145267849189
2025-09-19,0.9999999814372098,1.8562789604386256e-08,6.035545619057528e-20,state_0,3.490195534186977e-07
2025-09-22,0.9813488406608538,0.013332479335899644,0.0053186800032469644,state_0,0.10389123801332566
2025-09-23,0.96823697762046,0.0242313706490323,0.007531651730507691,state_0,0.1582159868397593
2025-09-24,0.9149949676610346,0.04492274719921508,0.04008228513974997,state_0,0.34960946862520975
2025-09-25,0.9792854874927136,0.01853008072755765,0.002184431779729127,state_0,0.10778580248950047
2025-09-26,0.685766648332762,0.08558705634163036,0.22864629532560793,state_0,0.8064610325998716
2025-09-29,0.5976024926530585,0.05737139728697754,0.34502611005996375,state_0,0.8387972672287567
2025-09-30,0.9938464930671226,0.004628279107534677,0.0015252278253423755,state_0,0.04090620933474201
2025-10-01,0.9972003307437018,0.002647953328765459,0.00015171592753261936,state_0,0.019842731655426694
2025-10-02,0.9525076069790823,0.017716431388867252,0.029775961632050006,state_0,0.2224356952925644
2025-10-03,0.9888732715630153,0.006959650314801853,0.004167078122182455,state_0,0.068475374785336
2025-10-06,0.9872136752420189,0.007718226621621923,0.005068098136359222,state_0,0.07703083307741956
2025-10-07,0.9724628572517182,0.015730981839666577,0.011806160908615276,state_0,0.1448805681158026
2025-10-08,0.9501522998149131,0.020072455354515198,0.02977524483057142,state_0,0.23166798133618366
2025-10-09,0.9186375487423831,0.023819972203729802,0.057542479053886736,state_0,0.33127677270807976
2025-10-10,0.9967594807626301,0.0032405191022337578,1.3513643483729342e-10,state_0,0.021809992105183498
2025-10-13,0.731567300368034,0.2670357931231305,0.0013969065088356256,state_0,0.5904324037007815
2025-10-14,0.39153814045545293,0.60554891990427,0.0029129396402769073,state_1,0.6878973594857581
2025-10-15,0.16551731152790458,0.8327442314086065,0.0017384570634892862,state_1,0.46117618425186374
2025-10-16,0.16667876911984364,0.8332345236773866,8.670720276966546e-05,state_1,0.45146254950471404
2025-10-17,0.028661545916141888,0.9682928344397361,0.003045619644121603,state_1,0.15065708239874243
2025-10-20,0.001192855495598965,0.9915319173787568,0.007275227125644283,state_1,0.05227970253868556
2025-10-21,0.0011253832849496205,0.9940072673393016,0.004867349375748854,state_1,0.03953531514008696
2025-10-22,0.004034740103575638,0.9955887662336033,0.0003764936628208513,state_1,0.02961276465562351
2025-10-23,0.004213347645411267,0.9951491062288289,0.0006375461257595376,state_1,0.03257499510988009
2025-10-24,0.0010754525440928118,0.9956715257607701,0.003253021695137431,state_1,0.030303690172686918
2025-10-27,0.0019558775190915787,0.997726792935346,0.00031732954556258256,state_1,0.017025536090071274
2025-10-28,0.0037950063505015454,0.9959339499418568,0.00027104370764206024,state_1,0.027437544879710694
2025-10-29,0.027963391084557112,0.9720234277622606,1.3181153182179484e-05,state_1,0.12775074895114485
2025-10-30,0.025656612081864066,0.9743349789387419,8.408979393789672e-06,state_1,0.11941007804084458
2025-10-31,0.0846548396763463,0.9153417333587945,3.4269648587252145e-06,state_1,0.2900396887116516
2025-11-03,0.06709584271619537,0.9328756159365221,2.8541347282655202e-05,state_1,0.2463863895841606
2025-11-04,0.017375425668552515,0.9826102366851568,1.4337646290946509e-05,state_1,0.0878149391857612
2025-11-05,0.012748646839109345,0.9872242493107727,2.7103850117653652e-05,state_1,0.06859261700825421
2025-11-06,0.013024920806985906,0.986972944439356,2.13475365843998e-06,state_1,0.06950946494420396
2025-11-07,0.03028309271375799,0.9691723287683618,0.0005445785178802875,state_1,0.1403453117485056
2025-11-10,0.02407551665875234,0.9753831147613397,0.0005413685799080021,state_1,0.11810208157403504
2025-11-11,0.002667663137701897,0.9627145223689333,0.034617814493364714,state_1,0.16882471817056977
2025-11-12,0.0026394877340619443,0.9687006630440234,0.02865984922191489,state_1,0.14828259135387903
2025-11-13,0.003665004459911161,0.9962238602535605,0.00011113528652839331,state_1,0.02533759931059877
2025-11-14,0.0008376440740256033,0.9890578818713699,0.010104474054604459,state_1,0.06324447733255274
2025-11-17,0.0011717735710637732,0.9959351469279938,0.0028930795009428443,state_1,0.028876462275778513
2025-11-18,0.000941020087502921,0.9965240450623981,0.002534934850098515,state_1,0.025180243102403584
2025-11-19,0.000727102656269596,0.9897266287419318,0.009546268601798098,state_1,0.059880254376358126
2025-11-20,0.0032864144093180227,0.9966847786149853,2.880697569707969e-05,state_1,0.02240247387221321
2025-11-21,0.013163365657008834,0.9868113253944648,2.5308948526743497e-05,state_1,0.07037075245013388
2025-11-24,0.04331886458106988,0.9566795206032656,1.614815664696542e-06,state_1,0.17837498515323205
2025-11-25,0.0020865970785894435,0.9971395251413857,0.0007738777800249581,state_1,0.021279452717383376
2025-11-26,0.00013599842183027256,0.9962635250126378,0.003600476565531868,state_1,0.02519902366622329
2025-11-28,9.391412725529326e-06,0.9851663854008146,0.014824223186459514,state_1,0.07726386903655952
2025-12-01,0.0001128709107171267,0.9938247954843422,0.006062333604940547,state_1,0.03813422931866141
2025-12-02,0.00012818157288196214,0.993397123430515,0.006474694996603164,state_1,0.04036131677861466
2025-12-03,0.00021709385668132843,0.9916762980315853,0.008106608111733268,state_1,0.049154121370533065
2025-12-04,0.000290164609330603,0.9932748241443735,0.006435011246295917,state_1,0.04153699740535717
2025-12-05,0.00043556805251988433,0.990460058805471,0.00910437314200896,state_1,0.05564654370168297
2025-12-08,0.0002486759545167744,0.9866621620522122,0.01308916199327114,state_1,0.07206656526211258
2025-12-09,0.00018764580536540816,0.9150216796547603,0.08479067453987431,state_1,0.2920978869349872
2025-12-10,0.0037425923533990074,0.9913031638499303,0.004954243796670749,state_1,0.055867129817115224
2025-12-11,0.0008570645044207045,0.9858353148743495,0.013307620621229583,state_1,0.07759765796167142
2025-12-12,0.0007533714177331229,0.9886401019579106,0.010606526624356589,state_1,0.06493288735907281
2025-12-15,0.0007799751240280366,0.9631746506521581,0.036045374223813396,state_1,0.16149845219700237
2025-12-16,0.0009221771148978129,0.915277486644307,0.08380033624079479,state_1,0.29524027181635637
2025-12-17,0.0014145188478907316,0.9850703210976439,0.01351516005446538,state_1,0.08226676426560435
2025-12-18,0.00164336453068875,0.985469652615555,0.012886982853756028,state_1,0.0810380825134554
2025-12-19,0.9998739495181114,0.00012605048188906378,6.556138869723997e-17,state_0,0.0012578281436470171
2025-12-22,0.06279559244741059,0.15833563049126517,0.7788687770613241,state_2,0.6602778825673608
2025-12-23,1.6893323790264297e-05,0.002296682693102414,0.9976864239831074,state_2,0.016451840420468534
2025-12-24,5.707626586604824e-07,0.00035739991856272295,0.999642029318779,state_2,0.003202671969026566
2025-12-26,1.543572062069984e-07,5.9201442983057406e-05,0.9999406441998108,state_2,0.0006380752500632561
2025-12-29,4.2855124734683207e-07,5.854677467256287e-05,0.9999410246740801,state_2,0.0006358357695984711
2025-12-30,2.3024248130817685e-07,3.774339549364403e-05,0.999962026362025,state_2,0.0004258971356552511
